name,address,size,role,callers,ours
"MPDrone_MaybeIsDyingOrDead","0x1a190","80","true unless the drone is alive (flags 0x100 set, 0x600 clear, health>0, not dead-drone, obj flag 1 clear)","Door_ReactToHit;DroneFunc_DoForcedAttack;DroneVision_ConsiderAlerted;DroneVision_ProcessDroneSight;DroneWeap_FireWeapon;FUN_0003b880;FUN_0009daae;GT_Track;MP_BluePrintReachedBase;MP_CheckForEndCondition;MP_GetTarget;MP_HitBy;NDrone2_DSTATE_BotGlobal;NDrone2_FindOpponent","no"
"MP_setLoadingSkins","0x1a1e0","112","(MP, not bots) already ours","ResetMap_LevelToLoad","yes"
"BOT_getDefaultStats","0x1a250","16","leaf: &default_bot_stats[skin] (0x163628, 29 x 14 bytes)","C_SBMPBTCHOOSE_Handler;C_SBMPSCEN_Handler;Menu_GetMPSkins;Menu_IsBotGood;Menu_UpdateWheel;Pickup_Handler","no"
"BOT_reactToDroneAlertMsg","0x1a260","112","leaf: should a bot act on drone alert msg 0x11-0x16/0x1e (same team in team/assassin games)","DroneVision_AlertSound;FUN_00038ff0;FUN_000650a0","no"
"BOT_validateStateChange","0x1a2d0","912","veto hook called from Drone_SM_SetState for bots (drone+0xa9 == 30); may redirect via BOT_vars+0x756","Drone_SM_SetState","no"
"FUN_0001a660","0x1a660","800","PS2 BOT_setOtherPlayerInfo (inferred): per-frame 10-entry player table at BOT_vars+0x88, one LOS test per frame round robin","NDrone2_ControlSTANDARD","no"
"__profiling_or_debugging_hook_point","0x1a980","16","empty","MP_Update","no"
"BOT_handleOpponentHistory","0x1a990","480","16-entry attacker history (+0x6d0); picks the most frequent live attacker as opponent (current x5)","NDrone2_FindOpponent","no"
"BOT_getAggressionMul","0x1ab70","192","leaf: 0.3/0.5/0.7/0.85/1.0 by drone+0x99, times up to 3 when opponent < 2.5 m","DroneWeap_NextBulletTime;NDrone2_FindOpponent","no"
"BOT_getMovementSpeedMul","0x1ac30","64","leaf: 0.7/1.0/1.3 by drone+0x9a (speed stat)","BOTSTATE_gotoGoal;FUN_00033320;FUN_000453e0","no"
"BOT_getMovePossibility","0x1ac70","48","Rand_Rand(n+2+accuracy-speed) == last","BOTSTATE_EvasiveMove;BOTSTATE_chooseCombatMove","no"
"BOT_soundEffect","0x1aca0","208","bot pain/death/taunt sfx","BOT_handlePain;NDrone2_DSTATE_BotDeathAnim;NDrone2_DSTATE_BotDeathByExplosion;NDrone2_DealWithObjHit","no"
"FUN_0001ad70","0x1ad70","80","drone+0x15 = 1 for skins 3,4,5,0x12-0x17 (the female characters) - PS2 BOT_setGender (inferred)","NDrone2_DefaultInit","no"
"BOT_fellOutMap","0x1adc0","288","teleport to a spawn point, reset goals and player tables, state BotIdle","Drone_FellOutMap","no"
"BOT_opponentTargetting","0x1aee0","576","aim point = opponent pos + offset, wobble while the accuracy/distance reaction window runs","DroneWeap_DoFiring","no"
"BOT_SetHealth","0x1b120","80","leaf: clamp <1 to 0, drone+0x90, PlrStat_LogHealth","BOT_handlePain;MP_PlayerKilled;NDrone2_DSTATE_BotGlobal","no"
"BOT_init","0x1b170","896","creates a bot: BOT_vars[player-4] cleared, level_tag built, Drone_Create, stats copied, weapons","BOT_respawn;MP_Start","no"
"BOT_respawn","0x1b4f0","272","re-create the bot object at the old position via BOT_init, then MP_ReSpawn","MP_RestartScenario;NDrone2_DSTATE_BotRespawn","no"
"BOT_setDroneStats","0x1b600","176","MPBOT stats -> drone +0x90 health,+0x98 accuracy,+0x99 aggression,+0x9a speed,+0x9c reaction,+0x9d recover,+0x9e isBad","BOT_postLoadInit","no"
"BOT_handlePain","0x1b6b0","560","damage (location modifiers, triple damage), armour byte +0x75d, health, sfx, distraction","FUN_0003db50;NDrone2_HitDamage","no"
"BOT_postLoadInit","0x1b8e0","112","from NDrone2_DefaultInit: setDroneStats, flag 0x80000000, saves combat ranges to +0x710..","NDrone2_DefaultInit","no"
"BOTSTATE_getStateType","0x1b950","32","leaf: table 0x163990 (55 bytes) maps DSTATE 195..249 to a class 1..13","BOT_validateStateChange;DroneWeap_FireWeapon;Drone_SM_RouteMsgDCV;NDrone2_DSTATE_BotGlobal;NDrone2_DealWithObjHit","no"
"BOTSTATE_chooseUnarmedAttackAnim","0x1b970","80","random punch anim","NDrone2_DSTATE_BotAttackUnarmed","no"
"BOTSTATE_checkAttackMove","0x1b9c0","240","can this combat move be done here (space check); returns the state or 0","BOTSTATE_chooseCombatMove;FUN_0001c8c0;NDrone2_DSTATE_BotGlobal","no"
"BOTSTATE_EvasiveMove","0x1bab0","128","pick a dodge move","BOTSTATE_chooseCombatMove;NDrone2_DSTATE_BotAttackBackoff;NDrone2_DSTATE_BotAttackCrouch","no"
"BOTSTATE_setNearestNavNode","0x1bb30","32","leaf: BOT_vars+0x754 = -1 (invalidate the cached nearest nav node)","NDrone2_DSTATE_BotGlobal;NDrone2_DSTATE_BotInit","no"
"BOTSTATE_uninitGoal","0x1bb50","112","clear goal slot fields; active goal -> 0xff","BOTSTATE_gotoGoal;BOTSTATE_pickGoal;BOTSTATE_processGoals;FUN_0001d6a0;NDrone2_DSTATE_BotDead;NDrone2_DSTATE_BotDeathAnim;NDrone2_DSTATE_BotDeathByExplosion;NDrone2_DSTATE_BotGlobal","no"
"BOTSTATE_initGoal","0x1bbc0","112","leaf: fill goal slot (pos/cel, type, object, subtype)","NDrone2_DSTATE_BotGuardFriendFollow","no"
"BOTSTATE_gotoGoal","0x1bc30","640","make a goal slot active: SetupGoalPosition(ToObj) into the drone target, time budget by subtype","BOTSTATE_pickGoal;BOTSTATE_processGoals;NDrone2_DSTATE_BotGuardFriendFollow","no"
"BOTSTATE_setGoalComplete","0x1beb0","32","leaf: slot.flags |= 1","NDrone2_DSTATE_BotGlobal","no"
"BOTSTATE_getActiveGoal","0x1bed0","32","leaf: &slot[BOT_vars+0x759] or NULL","BOTSTATE_isDistracted;BOT_validateStateChange;NDrone2_DSTATE_BotGlobal;NDrone2_DSTATE_BotGotoGoalPosition;NDrone2_DSTATE_BotGuardFriendFollow","no"
"BOTSTATE_setGoalPickPrefs","0x1bef0","480","weights for health/ammo/weapon/objective; derived from health and clip when all 0","BOTSTATE_pickGoal;NDrone2_DSTATE_BotCollector;NDrone2_DSTATE_BotGlobal;NDrone2_DSTATE_BotIdle","no"
"BOTSTATE_isPreferredWeapon","0x1c0d0","176","leaf: stats[10] weapon class vs weapon_data.maybeFlags","BOTSTATE_pickGoal;BOTWEAP_listHeldLoadedWeapons","no"
"BOTSTATE_hasWeapon","0x1c180","64","thunk to BOTWEAP_hasWeapon(BOT_vars->drone)","BOTSTATE_pickGoal","no"
"BOTSTATE_isObjAlreadyAnotherTeamObjective","0x1c1c0","128","is another bot already heading for this objective","BOTSTATE_pickGoal","no"
"BOTSTATE_validateRoute","0x1c240","144","route result filter; counts code-5 failures in +0x761","BOTSTATE_pickGoal;BOTSTATE_processGoals;NDrone2_DSTATE_BotAlertToPosition;NDrone2_DSTATE_BotAttack;NDrone2_DSTATE_BotAttackCrouch;NDrone2_DSTATE_BotAttackFire;NDrone2_DSTATE_BotAttackRun;NDrone2_DSTATE_BotCoverRunTo;NDrone2_DSTATE_BotGotoGoalPosition;NDrone2_DSTATE_BotGuardFriendFollow","no"
"BOTSTATE_stopAnim","0x1c2d0","80","stop current anim","NDrone2_DSTATE_BotImpactBullet","no"
"BOTSTATE_isPathWithinObjectRange","0x1c320","560","does the current route pass within r of an object (first n segments)","BOTSTATE_pickGoal","no"
"BOTSTATE_setPickupVisitTime","0x1c550","80","leaf: MPpickups[i].visitTime[bot] = now + 45 s","BOTSTATE_processGoals;NDrone2_DSTATE_BotGotoGoalPosition;Pickup_Handler","no"
"BOTSTATE_startRecovery","0x1c5a0","96","after an impact: no sight for recover*2/3 frames (flag 2, +0x73c)","NDrone2_DSTATE_BotGlobal","no"
"BOTSTATE_opponentIsMissile","0x1c600","144","is the opponent (or obj) a missile","BOTSTATE_combatWeaponChangeChoice;BOTSTATE_processGoals;BOTWEAP_tooCloseForWeapon;DroneVision_HaveOpponentSight;NDrone2_DSTATE_BotGlobal","no"
"BOTSTATE_reallyCloseCombatRange","0x1c690","48","set combat ranges very close","DroneVision_HaveOpponentSight;NDrone2_DSTATE_BotGlobal","no"
"BOTSTATE_defaultCombatRange","0x1c6c0","48","restore combat ranges from +0x710..","DroneVision_HaveOpponentSight;NDrone2_DSTATE_BotGlobal","no"
"BOTSTATE_increaseDistraction","0x1c6f0","160","+0x71c += x, clamped to the active goal's budget","BOT_handlePain;BOT_validateStateChange;NDrone2_DSTATE_BotGlobal;NDrone2_FindOpponent","no"
"BOTSTATE_isDistracted","0x1c790","96","distraction vs goal budget","BOT_validateStateChange","no"
"BOTSTATE_setStateChange","0x1c7f0","48","leaf: SetState(x) and remember it in +0x720","BOTSTATE_getPreferredTraitOpponentObjIndex;BOTSTATE_processGoals","no"
"BOTSTATE_chooseCombatMove","0x1c820","160","random combat move","NDrone2_DSTATE_BotAttack;NDrone2_DSTATE_BotAttackBackoff;NDrone2_DSTATE_BotAttackCrouch;NDrone2_DSTATE_BotAttackFire;NDrone2_DSTATE_BotAttackStepAimLeft;NDrone2_DSTATE_BotAttackStepAimRight;NDrone2_DSTATE_BotAttackStrafeAimLeft;NDrone2_DSTATE_BotAttackStrafeAimRight","no"
"FUN_0001c8c0","0x1c8c0","608","random strafe/step/roll/backoff (mask 1 left, 2 right, 4 backoff) - PS2 BOTSTATE_reallyWantACombatMove (inferred)","BOT_validateStateChange;NDrone2_DSTATE_BotAttackBackoff;NDrone2_DSTATE_BotGlobal;NDrone2_DSTATE_BotImpactBullet","no"
"BOTSTATE_pickGoal","0x1cb20","2944","goal selection: slot 1 = game-mode objective, slot 0 = preferred opponent or best MP pickup by emitter distance","NDrone2_DSTATE_BotCollector;NDrone2_DSTATE_BotGlobal;NDrone2_DSTATE_BotIdle","no"
"FUN_0001d6a0","0x1d6a0","176","cancel goals aimed at object X, fall back to a state (PS2 BOTSTATE_cancelGoalToObj, inferred)","NDrone2_DSTATE_BotGlobal","no"
"BOTSTATE_combatWeaponChangeChoice","0x1d750","816","choose the best held weapon for combat","BOTSTATE_changeWeapon;BOTSTATE_pickupWeaponChangeChoice;DroneVision_HaveOpponentSight;NDrone2_DSTATE_BotGlobal;NDrone2_DSTATE_BotIdle","no"
"BOTSTATE_getPreferredTraitOpponentObjIndex","0x1da80","1280","personality opponent choice (Guardian/Judge/Berserker/Vengeful/Assassin)","BOTSTATE_processGoals;NDrone2_DSTATE_BotIdle","no"
"BOTSTATE_processGoals","0x1df80","1136","per-frame goal upkeep: time-outs, objective checks, arrival -> state change","NDrone2_DSTATE_BotGlobal","no"
"BOTSTATE_changeWeapon","0x1e3f0","128","choose weapon to change to","DroneWeap_FireWeapon;NDrone2_DSTATE_BotAttackChangeWeapon;NDrone2_DSTATE_BotGlobal","no"
"BOTSTATE_pickupWeaponChangeChoice","0x1e470","96","switch to a picked-up weapon?","MP_BluePrintReachedBase;Pickup_Handler","no"
"BOTWEAP_AmmoInGun","0x1e4d0","112","rounds in clip","BOTWEAP_listHeldLoadedWeapons;DroneWeap_FireWeapon;DroneWeap_Ready2Fire;FUN_0001ef30","no"
"FUN_0001e540","0x1e540","112","clear weapon/ammo inventory; per-weapon sqrt(range)","BOTWEAP_InitWeapon","no"
"FUN_0001e5b0","0x1e5b0","320","reload clip from reserve (PS2 BOTWEAP_ReloadAmmoType, inferred)","NDrone2_DSTATE_BotAttackReload","no"
"BOTWEAP_EquipWeapon","0x1e6f0","304","give weapon + ammo","BOTWEAP_InitWeapon;MP_BluePrintReachedBase;Pickup_Handler","no"
"BOTWEAP_EquipAmmo","0x1e820","256","give ammo","Pickup_Handler","no"
"BOTWEAP_CheckWeaponsLoaded","0x1e920","96","reload empty clips","BOTWEAP_InitWeapon","no"
"BOTWEAP_hasWeapon","0x1e980","32","leaf","BOTSTATE_hasWeapon;BOTSTATE_pickupWeaponChangeChoice","no"
"BOTWEAP_decrRounds","0x1e9a0","192","use a round","DroneWeap_FireWeapon","no"
"BOTWEAP_getWeaponAmmoAmount","0x1ea60","112","leaf","BOTSTATE_setGoalPickPrefs","no"
"BOTWEAP_getWeaponClipSize","0x1ead0","32","leaf","BOTSTATE_setGoalPickPrefs","no"
"BOTWEAP_isValidWeapon","0x1eaf0","128","leaf","BOTSTATE_combatWeaponChangeChoice;BOTWEAP_listHeldLoadedWeapons;MP_RegisterPickup","no"
"FUN_0001eb70","0x1eb70","576","weapon desirability = 100 - rank in a 60-entry order list","BOTWEAP_listHeldLoadedWeapons","no"
"FUN_0001edb0","0x1edb0","176","weapon -> anim set 0x14..0x1a (PS2 BOTWEAP_getWeaponAnimSet, inferred)","BOTWEAP_changeWeapon","no"
"FUN_0001ee60","0x1ee60","80","weapon is a gadget/melee class (0x34-0x40, 0x52, 0x53)","NDrone2_DSTATE_BotGlobal","no"
"FUN_0001eeb0","0x1eeb0","128","weapon has a reload anim (PS2 BOTWEAP_reloadAnimForWeapon, inferred)","NDrone2_DSTATE_BotAttackReload","no"
"FUN_0001ef30","0x1ef30","96","has ammo for weapon (PS2 BOTWEAP_WeaponHasAmmo, inferred)","BOTWEAP_hasLoadedWeapon;FUN_0001f450;NDrone2_DSTATE_BotGlobal","no"
"BOTWEAP_InitWeapon","0x1ef90","912","respawn loadout: fists + weapon set's first weapon, mode extras, skin 0x1a (Baron Samedi) gets weapon 0x45","BOT_init","no"
"BOTWEAP_changeWeapon","0x1f320","240","switch weapon","BOTSTATE_changeWeapon;NDrone2_PostLoad_Init","no"
"BOTWEAP_hasLoadedWeapon","0x1f410","64","leaf","BOTSTATE_pickupWeaponChangeChoice;Pickup_Handler","no"
"FUN_0001f450","0x1f450","368","best explosive whose blast range < distance (PS2 BOTWEAP_hasLoadedExplosiveForRange, inferred)","NDrone2_DSTATE_BotGlobal","no"
"BOTWEAP_listHeldLoadedWeapons","0x1f5c0","384","list","BOTSTATE_combatWeaponChangeChoice;BOTWEAP_tooCloseForWeapon","no"
"BOTWEAP_tooCloseForWeapon","0x1f740","224","explosive too close","DroneWeap_FireWeapon;NDrone2_DSTATE_BotGlobal","no"
"Drone_BuildDynamicAwarePoints","0x30e70","672","danger points + SetLinksFlagInCircle","Drone_InitComms","no"
"Drone_PostLoad_Init","0x31fd0","352","safety emitter, cover emitters, InitPassableBoundries","ResetMap_Load","no"
"Drone_InitComms","0x32a00","976","per-frame NPC update: ClearLinkFlags(0x310), dynamic aware points","control_movement_object_handler","no"
"NDrone2_NearestNode","0x445f0","128","nearest reachable node of a path (NodeSearch 25 m)","AINetwork_Emitter_GetNodeAtDistance;FUN_00044670;NDrone2_ClosestAIPoint;NDrone2_DistanceToEmitter","no"
"FUN_00044a20","0x44a20","656","build the patrol route node order from a start node","NDrone2_AssignAIPath","no"
"NDrone2_DistanceToAIPoint","0x44e70","64","leaf","BOTSTATE_pickGoal;NDrone2_DSTATE_AllyGoToGoalPosition;NDrone2_DSTATE_BotGotoGoalPosition;NDrone2_DSTATE_BotGuardFriendFollow;NDrone2_DSTATE_GoToGoalPosition;NDrone2_DSTATE_HostageGoToGoalPosition;NDrone2_DSTATE_RunAwayFromObject","no"
"FUN_00046160","0x46160","192","face the route node at an offset","NDrone2_DSTATE_AllyLeadMissionWait;NDrone2_DSTATE_OpenDoor","no"
"FUN_00046220","0x46220","64","LinkCreep_Calc + face the waypoint","FUN_00046d90;NDrone2_AssignAIPath","no"
"NDrone2_DistanceToEmitter","0x46260","128","emitter byte at the bot's nearest node (same path only)","BOTSTATE_pickGoal;NDrone2_ClosestAIPoint","no"
"FUN_00046a80","0x46a80","80","FollowRoute wrapper for the A* route","FUN_00046d90;NDrone2_MoveToGoalPosition","no"
"NDrone2_AssignAIPath","0x46ad0","336","patrol/mission path: nearest node (< 0.3 m) of a path of the given type in the drone's cel","NDrone2_DSTATE_Alert;NDrone2_DSTATE_AllyLeadInit;NDrone2_DSTATE_AstronautLaunch;NDrone2_DSTATE_CivilianInit;NDrone2_DSTATE_Idle;NDrone2_DSTATE_InitPatrol;NDrone2_DSTATE_PartyGirl;NDrone2_DSTATE_PartyGirlInit;NDrone2_DSTATE_TruckDriverInit","no"
"FUN_00046c20","0x46c20","288","patrol following","NDrone2_DSTATE_CivilianPatrol;NDrone2_DSTATE_Patrol","no"
"FUN_00046d40","0x46d40","80","mission path following","NDrone2_DSTATE_AllyLead;NDrone2_DSTATE_AstronautLaunch;NDrone2_DSTATE_CivilianMission;NDrone2_DSTATE_EnemyMission;NDrone2_DSTATE_KikoMission;NDrone2_DSTATE_KikoMissionRun;NDrone2_DSTATE_TruckDriverMission","no"
"FUN_00046d90","0x46d90","416","route to an object (combat/ally/ninja/bot attack)","FUN_0003ae20;NDrone2_DSTATE_AllyFollow;NDrone2_DSTATE_AllyFollowWait;NDrone2_DSTATE_BotAttack;NDrone2_DSTATE_BotAttackCrouch;NDrone2_DSTATE_BotAttackFire;NDrone2_DSTATE_BotAttackRun;NDrone2_DSTATE_CombatNoRoute;NDrone2_DSTATE_NinjaAttackLongRange;NDrone2_DSTATE_NinjaAttackMidRange;NDrone2_DSTATE_NinjaGetCloseToPlayer;NDrone2_DSTATE_NinjaNoRoute","no"
"NDrone2_MoveToGoalPosition","0x46f30","256","CalcRouteToPosition when needed, then follow","BOTSTATE_pickGoal;FUN_000475c0;NDrone2_CanReachGoalPosition;NDrone2_DSTATE_AllyGoToGoalPosition;NDrone2_DSTATE_BotCoverRunTo;NDrone2_DSTATE_BotGotoGoalPosition;NDrone2_DSTATE_BotGuardFriendFollow;NDrone2_DSTATE_GoToGoalPosition;NDrone2_DSTATE_HostageGoToGoalPosition;NDrone2_DSTATE_RunAwayFromObject;NDrone2_DSTATE_RunForCover;NDrone2_MoveToAlertPosition;NDrone2_ReFindMissionPath;NDrone2_SetGoalToCloserPosition","no"
"AINetwork_RouteIsValid","0x479d0","32","leaf: route.flags & 0x10","FUN_00046d90;FUN_00049c50;FUN_0009b980;NDrone2_MoveToGoalPosition","no"
"AINetwork_InvalidateRoute","0x479f0","16","leaf","DroneMove_FindSafetyFromScaryPosition;FUN_000470b0;FUN_000470f0;NDrone2_DSTATE_CombatOutOfRange;NDrone2_DSTATE_EnemyMission;NDrone2_DSTATE_InterogateAssist;NDrone2_DSTATE_SearchArea;NDrone2_FindAmbushCover;NDrone2_FindCover;NDrone2_FindRunToPoint;NDrone2_InvalidateAttackRoute;NDrone2_ReFindMissionPath;NDrone2_SetDroneAlertRoute;NDrone2_SetSoundAlertRoute","no"
"AINetwork_ValidateRoute","0x47a00","16","leaf","FUN_00044a20","no"
"FUN_00047a10","0x47a10","128","leaf: PS2 AINetwork_RouteNodeOffset (index wrap by route mode 1 clamp / 2 loop / 3 ping-pong)","FUN_00046160;FUN_0004abb0;LinkCreep_AtSpecialNode","no"
"FUN_00047a90","0x47a90","176","PS2 AINetwork_AlterDestFor_DROUTE_Nearest: partial route -> dest moved to a reachable point","FUN_0004adb0;FUN_0004ae30","no"
"FUN_00047b40","0x47b40","112","leaf: link index between two nodes of a path (-1 if none)","AINetwork_GetRouteDistance;AINetwork_GetRouteDistance3D;AINetwork_UpdateLinksUsedCount;FUN_00047bb0;FUN_0004aa90","no"
"FUN_00047bb0","0x47bb0","288","PS2 AINetwork_GetRouteDistanceBetweenNodes (signed)","FUN_00044cb0","no"
"AINetwork_GetRouteDistance","0x47cd0","400","2D remaining distance along the route -> route+0x4c (and ST0)","AINetwork_FollowRoute;FUN_00046d90;NDrone2_MoveToGoalPosition","no"
"AINetwork_GetRouteDistance3D","0x47e60","400","3D variant (minisub)","FUN_0009b980","no"
"FUN_00047ff0","0x47ff0","192","door-node test used by OptimiseRoute","FUN_000480b0","no"
"FUN_000480b0","0x480b0","528","PS2 AINetwork_OptimiseRoute: drop first/last node when directly walkable; recompute length","FUN_0004acb0","no"
"AINetwork_DoSomethingToRoute","0x482c0","80","leaf: PS2 AINetwork_ResetRoute","DroneMove_FindSafetyFromScaryPosition;FUN_00049ab0;FUN_0009bbe0;NDrone2_DefaultInit;NDrone2_ReFindMissionPath","no"
"FUN_00048310","0x48310","80","leaf: sorted insert into the open list (by f at +0x1c), node flag 0x40000000","AINetwork_DoAStarPath;AINetwork_EmitPath;AINetwork_NodeSearchCel","no"
"FUN_00048360","0x48360","48","leaf: unlink from the closed list, clear 0x80000000","AINetwork_EmitPath","no"
"AINetwork_NodeSearchCel","0x48390","640","nodes of one path in a cel within radius, sorted by distance, walk-tested","AINetwork_NodeSearch","no"
"AINetwork_NodeSearch","0x48610","272","NodeSearchCel in own cel, then in portal neighbours at matching height","AINetwork_DoAStarPath;AINetwork_EmitPath;AINetwork_NodesForPosition;NDrone2_NearestNode","no"
"AINetwork_DoAStarPath","0x48720","928","A* over one AIPath graph to any node flagged with the target bit","FUN_0004acb0","no"
"AINetwork_TestRayCels","0x48ac0","176","ray vs cels (vision)","DroneVision_CanSeeObjectFrom;DroneVision_LineOfSightToObject;FUN_00064660","no"
"AINetwork_FUN_00048b70","0x48b70","416","sphere vs bound edge (for the push vector)","AINetwork_GetBoundsPushVectorForSphere","no"
"AINetwork_LineIntersectsBoundry","0x48d10","464","2D segment vs bound edge with a height window","AINetwork_BoundsTest;AINetwork_FurthestPosition;AINetwork_ModIntersectedLinkFlags_Bounds","no"
"AINetwork_GetBoundsPushVectorForSphere","0x48ee0","336","push a sphere out of bounds (NDrone2_Collision)","NDrone2_Collision","no"
"AINetwork_BoundsTest","0x49030","832","segment crosses a bound edge in the straddled cels (NDrone2_MoveTestToNode)","NDrone2_MoveTestToNode","no"
"AINetwork_BoundsNodeTest","0x49370","736","segment passes within r of a bound node","FUN_0004a3c0;LinkCreep_Decrement;LinkCreep_Handler","no"
"AINetwork_NavPathForPosition","0x49650","384","nearest nav-graph path (flags & 0xd == 0) for a position (cel list first, then all)","AINetwork_InitEmitter;AINetwork_InitEmitter2;FUN_0009bbe0;NDrone2_PostLoad_Init;NDrone2_ReFindMissionPath","no"
"AINetwork_NodesForPosition","0x497d0","352","mark the target bit on every node that can reach a position; per-path reach mask at path+0x44","AINetwork_BuildAITarget;AINetwork_SetupGoalPosition;AINetwork_SetupGoalPositionToObj","no"
"AINetwork_BuildAITarget","0x49930","80","rebuild target marks unless the target moved < 2 m","FUN_00044de0;NDrone2_SetDroneAlertRoute;NDrone2_SetSoundAlertRoute","no"
"AINetwork_SetupGoalPosition","0x49980","160","target bit 0x10000000 at a position; NodesForPosition","BOTSTATE_gotoGoal;DroneMove_FindSafetyFromScaryPosition;FUN_000470b0;FUN_000470f0;FUN_00049b30;NDrone2_DSTATE_SearchArea;NDrone2_FindAmbushCover;NDrone2_FindCover;NDrone2_FindRunToPoint;NDrone2_ReFindMissionPath;NDrone2_SetDroneAlertRoute;NDrone2_SetSoundAlertRoute","no"
"AINetwork_SetupGoalPositionToObj","0x49a20","144","same, for an object's position","BOTSTATE_gotoGoal;FUN_00049ab0;NDrone2_DSTATE_CombatOutOfRange;NDrone2_DSTATE_InterogateAssist","no"
"FUN_00049ab0","0x49ab0","128","PS2 AINetwork_SetupRouteToObject","FUN_00049bf0;FUN_0004adb0","no"
"FUN_00049b30","0x49b30","192","PS2 AINetwork_SetupRouteToPosition","FUN_00049c50","no"
"FUN_00049bf0","0x49bf0","96","PS2 AINetwork_VerifyRouteTarget (re-setup when the target was rebuilt later)","FUN_00046d90;FUN_0009b980","no"
"FUN_00049c50","0x49c50","128","route-to-position verify (reuse when dest within 1 m and route valid)","FUN_0004ae30","no"
"FUN_00049cd0","0x49cd0","64","leaf: set the route's current waypoint (+0x34 pos, +0x40 cel)","AINetwork_SetupNextNode;LinkCreep_Decrement;LinkCreep_Increment","no"
"AINetwork_AllocEmitter","0x49d10","48","leaf: Mem_Malloc(nodeCount) bytes","AINetwork_InitEmitter;AINetwork_InitEmitter2;Drone_PostLoad_Init","no"
"AINetwork_FreeEmitter","0x49d40","48","leaf: free + clear 0x28 bytes","MP_CleanupMPObjExt;MP_UnregisterPickup;MP_objectBeingDeleted;MP_recalcObjExtPaths","no"
"AINetwork_EmitPath","0x49d70","768","Dijkstra flood from the emitter; per-node cost quantised to a byte (255 = unreached)","DroneMove_FindSafetyFromScaryPosition;Drone_PostLoad_Init;MP_PostLoadInitObjExt;MP_PostLoad_Init;MP_RegisterPickup;MP_initObjExt;MP_recalcObjExtPaths","no"
"AINetwork_Emitter_GetNodeAtDistance","0x4a070","624","walk away from an emitter until a node with value >= d (flee)","DroneMove_FindSafetyFromScaryPosition","no"
"LinkCreep_Dest","0x4a2e0","80","leaf: waypoint = start + step*(i+d) along the current link","AINetwork_SetupNextNode;FUN_00046220;FUN_0009b980;LinkCreep_Decrement;LinkCreep_Increment;NDrone2_ReFindMissionPath","no"
"LinkCreep_AtSpecialNode","0x4a330","144","reached a node carrying action flags?","LinkCreep_Handler","no"
"FUN_0004a3c0","0x4a3c0","96","bounds check for the next creep step","LinkCreep_Increment","no"
"FUN_0004a420","0x4a420","272","per-path: flag links within r of a point (SetLinksFlagInCircle body)","AINetwork_SetLinksFlagInCircle","no"
"AINetwork_ClearLinkFlags","0x4a530","112","per frame: clear link flag bits and used counts","Drone_InitComms","no"
"AINetwork_UpdateLinksUsedCount","0x4a5a0","128","++used on the remaining links of a route (congestion)","AINetwork_FollowRoute","no"
"AINetwork_SetLinksFlagInCircle","0x4a620","80","flag links near dangers (0x100 explosives 8-12 m, 0x200 occluders 3 m)","Drone_BuildDynamicAwarePoints","no"
"AINetwork_ModIntersectedLinkFlags_Bounds","0x4a670","176","flag bound edges crossed by a segment","AINetwork_InitPassableBoundries;FUN_000319b0;FUN_00031a50","no"
"AINetwork_InitPassableBoundries","0x4a720","144","bound edges crossed by nav links get 0x400","Drone_PostLoad_Init","no"
"AINetwork_FurthestPosition","0x4a7b0","192","furthest point along a direction before a bound","DroneMove_FindSafetyFromScaryPosition;NDrone2_SetGoalToCloserPosition","no"
"AINetwork_InitEmitter","0x4a870","144","emitter at pos/cel on the nearest nav path; alloc nodeCount bytes","Drone_AIPoint;Drone_CoverCornerNode;Drone_CoverLowNode;MP_RegisterPickup;MP_initObjExt;MP_recalcObjExtPaths","no"
"AINetwork_InitEmitter2","0x4a900","144","same, reusing an allocated buffer","DroneMove_FindSafetyFromScaryPosition","no"
"FUN_0004a990","0x4a990","256","LinkCreep setup: segment start/end, 0.4 m steps","FUN_0004aa90;FUN_0004ac30","no"
"FUN_0004aa90","0x4aa90","288","PS2 LinkCreep_ForNodes: current link from route index i to i+1","FUN_0004abb0","no"
"FUN_0004abb0","0x4abb0","128","PS2 LinkCreep_Calc","AINetwork_SetupNextNode;FUN_00046220;FUN_0004acb0;FUN_0009b980;NDrone2_ReFindMissionPath","no"
"FUN_0004ac30","0x4ac30","128","PS2 LinkCreep_CalcToRouteEnd (direct route, no graph)","FUN_0004acb0","no"
"FUN_0004acb0","0x4acb0","256","PS2 AINetwork_CalcRoute","FUN_0004adb0;FUN_0004ae30","no"
"FUN_0004adb0","0x4adb0","128","PS2 AINetwork_CalcRouteToObject","FUN_00046d90;FUN_0009b980","no"
"FUN_0004ae30","0x4ae30","96","PS2 AINetwork_CalcRouteToPosition","NDrone2_MoveToGoalPosition","no"
"AINetwork_SetupNextNode","0x4ae90","384","advance the route index (+1/-1) with mode wrap, set the next waypoint","LinkCreep_Decrement;LinkCreep_Increment","no"
"LinkCreep_Increment","0x4b010","256","step forward 0.4 m along the link when close enough","LinkCreep_Handler","no"
"LinkCreep_Decrement","0x4b110","240","step back (bounds blocked)","LinkCreep_Handler","no"
"LinkCreep_Handler","0x4b200","368","per-frame route following","AINetwork_FollowRoute","no"
"AINetwork_FollowRoute","0x4b370","144","per-frame: distance, used counts, arrival (3), LinkCreep_Handler","FUN_00046a80;FUN_00046c20;FUN_00046d40;FUN_0009b980","no"
"FUN_0004b400","0x4b400","32","not nav: sets a byte in the drone weapon state","NDrone2_DSTATE_AimStand;NDrone2_DSTATE_AimStandFire;NDrone2_DSTATE_Attack","no"
"NDrone2_DSTATE_BotRespawn","0x4dcf0","64","bot DSTATE handler","FUN_0015d0c7","no"
"NDrone2_DSTATE_BotCoverInit","0x4dd30","320","bot DSTATE handler","FUN_0015d0c7","no"
"NDrone2_DSTATE_BotCoverAim","0x4de70","224","bot DSTATE handler","FUN_0015d0c7","no"
"NDrone2_DSTATE_BotCoverLeaveNow","0x4df50","240","bot DSTATE handler","FUN_0015d0c7","no"
"NDrone2_DSTATE_BotHeardNoise","0x4e040","16","bot DSTATE handler","FUN_0015d0c7","no"
"NDrone2_DSTATE_BotDeathAnim","0x4e050","128","bot DSTATE handler","FUN_0015d0c7","no"
"NDrone2_DSTATE_BotDeathByExplosion","0x4e0d0","176","bot DSTATE handler","FUN_0015d0c7","no"
"NDrone2_DSTATE_BotInit","0x60390","80","bot DSTATE handler","FUN_0015d0c7","no"
"NDrone2_DSTATE_BotGlobal","0x603e0","4112","bot DSTATE handler","FUN_0015d0c7","no"
"NDrone2_DSTATE_BotCollector","0x613f0","128","bot DSTATE handler","FUN_0015d0c7","no"
"NDrone2_DSTATE_BotStuck","0x61470","48","bot DSTATE handler","FUN_0015d0c7","no"
"NDrone2_DSTATE_BotAttack","0x614a0","496","bot DSTATE handler","FUN_0015d0c7","no"
"NDrone2_DSTATE_BotAttackRun","0x61690","544","bot DSTATE handler","FUN_0015d0c7","no"
"NDrone2_DSTATE_BotAttackNoRoute","0x618b0","64","bot DSTATE handler","FUN_0015d0c7","no"
"NDrone2_DSTATE_BotAttackFire","0x618f0","576","bot DSTATE handler","FUN_0015d0c7","no"
"NDrone2_DSTATE_BotAttackStrafeAimLeft","0x61b30","368","bot DSTATE handler","FUN_0015d0c7","no"
"NDrone2_DSTATE_BotAttackStrafeAimRight","0x61ca0","368","bot DSTATE handler","FUN_0015d0c7","no"
"NDrone2_DSTATE_BotAttackRunChangePosition","0x61e10","304","bot DSTATE handler","FUN_0015d0c7","no"
"NDrone2_DSTATE_BotAttackBackoff","0x61f40","592","bot DSTATE handler","FUN_0015d0c7","no"
"NDrone2_DSTATE_BotAttackCrouch","0x62190","816","bot DSTATE handler","FUN_0015d0c7","no"
"NDrone2_DSTATE_BotAttackRollLeftCrouch","0x624c0","160","bot DSTATE handler","FUN_0015d0c7","no"
"NDrone2_DSTATE_BotAttackRollRightCrouch","0x62560","160","bot DSTATE handler","FUN_0015d0c7","no"
"NDrone2_DSTATE_BotAttackStepAimLeft","0x62600","240","bot DSTATE handler","FUN_0015d0c7","no"
"NDrone2_DSTATE_BotAttackStepAimRight","0x626f0","240","bot DSTATE handler","FUN_0015d0c7","no"
"NDrone2_DSTATE_BotAttackReload","0x627e0","288","bot DSTATE handler","FUN_0015d0c7","no"
"NDrone2_DSTATE_BotAttackChangeWeapon","0x62900","160","bot DSTATE handler","FUN_0015d0c7","no"
"NDrone2_DSTATE_BotAttackUnarmed","0x629a0","128","bot DSTATE handler","FUN_0015d0c7","no"
"NDrone2_DSTATE_BotCoverRunTo","0x62a20","416","bot DSTATE handler","FUN_0015d0c7","no"
"NDrone2_DSTATE_BotCoverIdle","0x62bc0","800","bot DSTATE handler","FUN_0015d0c7","no"
"NDrone2_DSTATE_BotCoverFire","0x62ee0","400","bot DSTATE handler","FUN_0015d0c7","no"
"NDrone2_DSTATE_BotCoverReturn","0x63070","336","bot DSTATE handler","FUN_0015d0c7","no"
"NDrone2_DSTATE_BotCoverTypeChange","0x631c0","256","bot DSTATE handler","FUN_0015d0c7","no"
"NDrone2_DSTATE_BotCoverLeave","0x632c0","288","bot DSTATE handler","FUN_0015d0c7","no"
"NDrone2_DSTATE_BotAlertToPosition","0x633e0","496","bot DSTATE handler","FUN_0015d0c7","no"
"NDrone2_DSTATE_BotGotoGoalPosition","0x635d0","400","bot DSTATE handler","FUN_0015d0c7","no"
"NDrone2_DSTATE_BotSeenDroneShot","0x63760","48","bot DSTATE handler","FUN_0015d0c7","no"
"NDrone2_DSTATE_BotImpactBullet","0x63790","288","bot DSTATE handler","FUN_0015d0c7","no"
"NDrone2_DSTATE_BotImpactExplosive","0x638b0","128","bot DSTATE handler","FUN_0015d0c7","no"
"NDrone2_DSTATE_BotImpactPunch","0x63930","144","bot DSTATE handler","FUN_0015d0c7","no"
"NDrone2_DSTATE_BotImpactStunGrenade","0x639c0","160","bot DSTATE handler","FUN_0015d0c7","no"
"NDrone2_DSTATE_BotDead","0x63a60","432","bot DSTATE handler","FUN_0015d0c7","no"
"NDrone2_DSTATE_BotDoorOpen","0x63c10","496","bot DSTATE handler","FUN_0015d0c7","no"
"NDrone2_DSTATE_BotGuardFriendIdle","0x63e00","192","bot DSTATE handler","FUN_0015d0c7","no"
"NDrone2_DSTATE_BotGuardFriendFollow","0x63ec0","576","bot DSTATE handler","FUN_0015d0c7","no"
"NDrone2_DSTATE_BotIdle","0x64100","640","bot DSTATE handler","FUN_0015d0c7","no"
"P_MPBOTSETUP_Handler","0x8ade0","2736","bot stat page","Handler_HandleMessage","no"
"MP_recalcObjExtPaths","0x9e080","176","objective emitter rebuild","MP_ResetMPObject;MP_getEsponageBaseObj","no"
"MP_sendBotMessage","0x9e3e0","80","leaf","BOTSTATE_combatWeaponChangeChoice;MP_BluePrintReachedBase;MP_BluePrintUpdate;MP_FlagUpdate;MP_GoldenEyeUpdate;MP_KOHUpdate;MP_UplinkUpdate;MP_setPlayerStatus;NDrone2_FindOpponent;NDrone2_SetOpponent","no"
"MP_sendTeamBotMessage","0x9e430","96","leaf","MP_BluePrintUpdate;MP_DemolitionProtectionUpdate;MP_GoldenEyeUpdate;MP_UplinkUpdate;MP_getObjExtObj;MP_setPlayerStatus;NDrone2_DSTATE_BotAttackChangeWeapon;Player_SetWeaponAnimObj","no"
"MP_ResetBotPickupTimes","0x9e850","32","leaf","NDrone2_DSTATE_BotDead","no"
"MP_RegisterPickup","0xa1310","592","MP pickup slot; an emitter per pickup when bots are active","Pickup_Create;Pickup_CreateFromSet;Pickup_Update","no"
"AIPath_Init","0xa6c20","32","leaf: counts = 0","ResetMap_GameInit","no"
"AIPath_Parse","0xa6c40","960","block 0x05 parser: fills the path and bound tables, fixes file data in place","parsemap_handle_block_id","no"
"AIPath_Prepare","0xa7000","352","link lengths; node -> link adjacency lists","AIPath_BindNodes","no"
"AIBounds_Link2Cel","0xa7160","208","bound node -> cel list (+0x30), headroom by upward ray (>= 2 m)","AIPath_BindNodes","no"
"AIBounds_Prepare","0xa7230","112","bound edge -> cel lists (+0x34) of both end cels","AIPath_BindNodes","no"
"AIPath_BindNodes","0xa72a0","224","after level load: node -> cel lists (+0x24), Prepare, bounds","ResetMap_Load","no"
"__profiling_or_debugging_hook_point","0xe0ec0","16","empty","Drone_Control;Explode_Propagate;FUN_000c9b50;FUN_0015d0c7;Game_Draw;Game_Run;Input_Init;Input_Ready;LoadSoundBank;LoadableLoad;LoadableReload;MP_Start;Mem_Info;MenuManager_Create;MenuManager_Delete;Menu_Update;Menu_UpdateMessageBox;NDrone2_DSTATE_Hostage;NDrone2_DefaultInit;P_CREDITS_Handler;Pickup_Handler;Player_Init;ResetMap_GameInit;ResetMap_Load;SFXInitialise;SFXReleaseStreamSystem;SFXReset;SFXSetMode;SFXUpdate;UpdateDrops;View_DrawObjList;View_DrawSprites;__profiling_or_debugging_hook_point;bootup_bootup;control_movement_object_handler;parsemap_create_dynamic_objects","no"
