state,state_hex,row0,kind_b2,priority_b3,b4,b5,u16_6,transitions_ptr,transitions(toState:variantCount:row:blendFrames:flag; list of the CURRENT state)
0,0x0,0,0,0,1,1,0,0x164120,1:1:0:30:1 2:1:11:30:1 3:1:12:30:1 4:1:14:30:1 5:1:15:30:1 7:1:42:30:1 8:1:45:30:1 9:1:48:30:1 10:1:50:30:1 11:1:84:30:1 12:1:100:30:1 13:1:101:30:1 14:1:125:30:1 15:1:126:30:1 16:1:135:30:1 17:1:165:30:1 18:1:166:30:1 19:1:145:30:1 20:1:148:30:1 21:1:151:30:1 22:1:154:30:1 23:1:179:30:1 24:1:182:30:1 25:1:159:30:1 26:1:171:30:1 27:1:185:30:1 28:1:188:30:1 29:1:218:30:1 30:1:220:30:1 31:1:232:30:1 32:1:238:30:1 33:1:244:30:1 34:1:265:30:1 35:1:280:30:1 36:1:282:30:1 37:1:329:30:1 38:1:344:30:1 39:1:354:30:1 40:4:312:30:1 41:1:356:30:1 42:1:358:30:1 43:1:240:30:1 44:1:241:30:1 45:1:242:30:1 46:1:243:30:1 47:1:368:30:1 48:1:370:30:1 49:1:376:30:1 50:1:378:30:1 51:2:372:30:1 52:1:380:30:1 53:1:382:30:1 54:1:387:30:1 55:1:392:30:1 56:1:402:30:1 57:1:404:30:1 58:1:395:30:1 59:1:406:30:1 60:1:246:30:1 61:4:53:30:1 62:1:400:30:1 63:2:138:30:1 69:1:0:30:1 70:1:320:30:1 73:1:61:30:1 74:1:63:30:1 75:3:289:30:1 78:1:274:30:1 79:2:55:30:1 82:1:50:30:1 83:1:106:30:1 84:1:108:30:1 85:1:107:30:1 86:1:109:30:1 88:1:50:30:1 90:1:93:30:1 91:1:94:30:1 92:1:321:30:1 95:1:316:30:1 97:1:283:30:1 98:1:385:30:1 99:1:275:30:1 100:1:276:30:1 118:1:244:30:1 64:4:209:30:1 66:2:214:30:1 67:4:198:30:1 68:4:204:30:1 80:1:214:30:1 76:16:64:30:1 77:4:65:30:1 81:1:88:30:1 87:1:91:30:1 49:1:376:30:1 50:1:376:30:1 71:4:284:30:1 72:1:288:30:1 89:1:271:30:1 76:5:1:30:1 64:1:7:30:1 66:1:8:30:1 68:4:204:30:1 101:1:407:30:1 102:2:427:30:1 103:1:412:30:1 104:2:422:30:1 105:2:424:30:1 106:1:431:30:1 107:1:421:30:1 108:2:432:30:1 109:1:426:30:1 110:1:434:30:1 111:2:128:60:1 112:1:130:60:1 113:1:131:60:1 114:1:132:60:1 115:1:133:60:1 116:1:134:60:1 0:1:282:30:1
1,0x1,191,9,99,1,1,0,0x1643f0,0:1:0:8:0
2,0x2,11,2,30,2,24,0,0x1643fc,3:1:12:8:0 64:1:7:30:1 66:1:8:30:1 68:4:204:30:1 76:5:1:30:1 0:1:0:8:0
3,0x3,12,2,30,2,24,0,0x164428,2:1:11:8:0 33:1:13:8:0 64:1:7:30:1 66:1:8:30:1 68:4:204:30:1 76:5:1:30:1 0:1:0:8:0
4,0x4,14,2,30,2,20,0,0x164588,5:1:98:8:0 25:1:98:8:0 97:1:52:8:0 64:4:209:30:1 66:2:214:30:1 67:4:198:30:1 68:4:204:30:1 80:1:214:30:1 76:16:64:30:1 77:4:65:30:1 81:1:88:30:1 87:1:91:30:1 49:1:376:30:1 50:1:376:30:1
5,0x5,15,2,30,2,3,0,0x164458,25:1:38:8:0 17:1:39:8:0 98:1:16:8:0 73:2:17:8:0 82:1:32:8:0 88:1:36:8:0 10:1:37:8:0 31:1:40:8:0 83:1:106:8:0 84:1:108:8:0 85:1:107:8:0 86:1:109:8:0 64:4:193:30:1 66:1:214:30:1 67:4:198:30:1 68:4:204:30:1 80:4:193:30:1 76:13:18:30:1 77:4:19:30:1 81:1:88:30:1 87:1:35:30:1 49:1:376:30:1 50:1:376:30:1
6,0x6,41,2,30,1,3,0,0x1644e8,25:1:38:8:0 17:1:39:8:0 73:2:17:8:0 82:1:32:8:0 88:1:36:8:0 10:1:37:8:0 64:4:193:30:1 66:1:214:30:1 67:4:198:30:1 68:4:204:30:1 80:4:193:30:1 76:13:18:30:1 77:4:19:30:1 81:1:88:30:1 87:1:35:30:1 49:1:376:30:1 50:1:376:30:1 0:1:15:8:0
7,0x7,42,2,30,2,3,0,0x16455c,17:1:44:8:0 64:4:193:30:1 66:1:214:30:1 67:4:198:30:1 68:4:204:30:1 80:4:193:30:1
8,0x8,45,2,30,2,21,0,0x1645e8,99:1:275:30:1 100:1:276:30:1 5:1:225:8:0 64:4:209:30:1 66:2:214:30:1 67:4:198:30:1 68:4:204:30:1 80:1:214:30:1 71:4:284:30:1 72:1:288:30:1 89:1:271:30:1
9,0x9,48,2,32,2,6,0,0x164630,25:1:15:8:0 88:1:49:8:0 64:4:209:30:1 66:2:214:30:1 67:4:198:30:1 68:4:204:30:1 80:1:214:30:1 71:4:284:30:1 72:1:288:30:1 89:1:271:30:1
10,0xa,50,2,30,2,6,0,0x164678,98:1:51:8:0 97:1:52:8:0 11:1:84:8:0 82:1:89:8:0 88:1:92:8:0 90:1:93:8:0 91:1:94:8:0 4:1:97:8:0 5:1:98:8:0 12:1:100:8:0 13:1:101:8:0 15:1:102:8:0 17:1:103:8:0 69:1:104:8:0 29:1:105:8:0 83:1:106:8:0 84:1:108:8:0 85:1:107:8:0 86:1:109:8:0 32:1:112:8:0 33:1:113:8:0 36:1:114:8:0 37:1:115:8:0 38:1:116:8:0 39:1:354:60:1 41:1:117:8:0 42:1:118:8:0 25:1:98:8:0 70:1:320:8:0 74:1:63:8:0 64:4:209:30:1 66:2:214:30:1 67:4:198:30:1 68:4:204:30:1 80:1:214:30:1 76:16:64:30:1 77:4:65:30:1 81:1:88:30:1 87:1:91:30:1 49:1:376:30:1 50:1:376:30:1 71:4:284:30:1 72:1:288:30:1 89:1:271:30:1
11,0xb,84,3,21,1,6,0,0x164788,0:1:50:8:0
12,0xc,119,2,30,2,14,0,0x164798,10:1:121:8:0 64:4:209:30:1 66:2:214:30:1 67:4:198:30:1 68:4:204:30:1 80:1:214:30:1 76:16:64:30:1 77:4:65:30:1 81:1:88:30:1 87:1:91:30:1 49:1:376:30:1 50:1:376:30:1 71:4:284:30:1 72:1:288:30:1 89:1:271:30:1
13,0xd,122,2,30,2,14,0,0x1647f8,10:1:124:8:0 64:4:209:30:1 66:2:214:30:1 67:4:198:30:1 68:4:204:30:1 80:1:214:30:1 76:16:64:30:1 77:4:65:30:1 81:1:88:30:1 87:1:91:30:1 49:1:376:30:1 50:1:376:30:1 71:4:284:30:1 72:1:288:30:1 89:1:271:30:1
14,0xe,125,2,10,1,6,0,0x164858,64:4:209:30:1 66:2:214:30:1 67:4:198:30:1 68:4:204:30:1 80:1:214:30:1 76:16:64:30:1 77:4:65:30:1 81:1:88:30:1 87:1:91:30:1 49:1:376:30:1 50:1:376:30:1 71:4:284:30:1 72:1:288:30:1 89:1:271:30:1 0:1:50:8:0
15,0xf,126,2,30,2,19,0,0x1648b8,10:1:127:8:0 64:4:209:30:1 66:2:214:30:1 67:4:198:30:1 68:4:204:30:1 80:1:214:30:1 76:16:64:30:1 77:4:65:30:1 81:1:88:30:1 87:1:91:30:1 49:1:376:30:1 50:1:376:30:1 71:4:284:30:1 72:1:288:30:1 89:1:271:30:1
16,0x10,135,2,30,1,5,0,0x164918,19:1:140:8:0 20:1:141:8:0 21:1:142:8:0 22:1:143:8:0 26:1:144:8:0 10:2:136:8:0 64:4:193:30:1 66:1:214:30:1 67:4:198:30:1 68:4:204:30:1 80:4:193:30:1 71:4:284:30:1 72:1:288:30:1 89:1:271:30:1
17,0x11,165,2,30,1,4,0,0x164b58,25:1:170:8:0 18:1:166:8:0 5:1:167:8:0 10:1:169:8:0 64:4:193:30:1 66:1:214:30:1 67:4:198:30:1 68:4:204:30:1 80:4:193:30:1 71:4:284:30:1 72:1:288:30:1 89:1:271:30:1
18,0x12,166,3,31,1,4,0,0x164ba8,18:1:0:8:0 64:4:193:30:1 66:1:214:30:1 67:4:198:30:1 68:4:204:30:1 80:4:193:30:1 71:4:284:30:1 72:1:288:30:1 89:1:271:30:1
19,0x13,145,2,30,2,5,0,0x164978,88:1:146:8:0 16:1:147:8:0 64:4:193:30:1 66:1:214:30:1 67:4:198:30:1 68:4:204:30:1 80:4:193:30:1 71:4:284:30:1 72:1:288:30:1 89:1:271:30:1
20,0x14,148,2,30,2,5,0,0x1649c0,88:1:149:8:0 16:1:150:8:0 64:4:193:30:1 66:1:214:30:1 67:4:198:30:1 68:4:204:30:1 80:4:193:30:1 71:4:284:30:1 72:1:288:30:1 89:1:271:30:1
21,0x15,151,2,30,2,5,0,0x164a04,16:1:153:8:0 64:4:193:30:1 66:1:214:30:1 67:4:198:30:1 68:4:204:30:1 80:4:193:30:1 71:4:284:30:1 72:1:288:30:1 89:1:271:30:1
22,0x16,154,2,30,2,5,0,0x164a40,16:1:156:8:0 64:4:193:30:1 66:1:214:30:1 67:4:198:30:1 68:4:204:30:1 80:4:193:30:1 71:4:284:30:1 72:1:288:30:1 89:1:271:30:1
23,0x17,179,2,30,2,7,0,0x164a80,88:1:180:8:0 26:1:181:8:0 64:4:209:30:1 66:2:214:30:1 67:4:198:30:1 68:4:204:30:1 80:1:214:30:1 71:4:284:30:1 72:1:288:30:1 89:1:271:30:1
24,0x18,182,2,30,2,7,0,0x164ac8,88:1:183:8:0 26:1:184:8:0 64:4:209:30:1 66:2:214:30:1 67:4:198:30:1 68:4:204:30:1 80:1:214:30:1 71:4:284:30:1 72:1:288:30:1 89:1:271:30:1
25,0x19,159,2,20,1,3,0,0x164b10,5:1:160:8:0 10:1:161:8:0 17:1:162:8:0 64:4:193:30:1 66:1:214:30:1 67:4:198:30:1 68:4:204:30:1 80:4:193:30:1 71:4:284:30:1 72:1:288:30:1 89:1:271:30:1
26,0x1a,171,2,30,1,7,0,0x164be8,16:1:174:8:0 23:1:175:8:0 24:1:176:8:0 27:1:177:8:0 28:1:178:8:0 10:2:172:8:0 25:1:174:8:0 64:4:209:30:1 66:2:214:30:1 67:4:198:30:1 68:4:204:30:1 80:1:214:30:1 71:4:284:30:1 72:1:288:30:1 89:1:271:30:1
27,0x1b,185,2,30,2,7,0,0x164c48,26:1:187:8:0 88:1:186:8:0 64:4:209:30:1 66:2:214:30:1 67:4:198:30:1 68:4:204:30:1 80:1:214:30:1 71:4:284:30:1 72:1:288:30:1 89:1:271:30:1
28,0x1c,188,2,30,2,7,0,0x164c90,26:1:190:8:0 88:1:189:8:0 64:4:209:30:1 66:2:214:30:1 67:4:198:30:1 68:4:204:30:1 80:1:214:30:1 71:4:284:30:1 72:1:288:30:1 89:1:271:30:1
29,0x1d,218,2,30,2,26,0,0x164cd4,10:1:219:8:0 64:1:197:30:1 66:1:197:30:1 67:1:197:30:1 68:1:197:30:1 80:1:197:30:1
30,0x1e,220,2,30,1,21,0,0x164d00,73:2:221:8:0 5:1:225:8:0 64:4:209:30:1 66:2:214:30:1 67:4:198:30:1 68:4:204:30:1 80:1:214:30:1 71:4:284:30:1 72:1:288:30:1 89:1:271:30:1
31,0x1f,232,2,30,1,22,0,0x164d44,73:1:233:8:0 64:4:209:30:1 66:2:214:30:1 67:4:198:30:1 68:4:204:30:1 80:1:214:30:1 71:4:284:30:1 72:1:288:30:1 89:1:271:30:1
32,0x20,238,2,40,1,3,0,0x164d80,10:1:239:8:0 64:4:209:30:1 66:2:214:30:1 67:4:198:30:1 68:4:204:30:1 80:1:214:30:1 71:4:284:30:1 72:1:288:30:1 89:1:271:30:1
33,0x21,244,2,20,1,6,0,0x164dc0,10:1:272:8:0 60:1:246:8:0 25:1:273:8:0 14:1:272:8:0 64:2:209:8:0 75:1:278:8:0 78:1:274:8:0 34:1:265:8:0 88:1:272:8:0 64:4:209:30:1 66:2:214:30:1 67:4:198:30:1 68:4:204:30:1 80:1:214:30:1 71:4:284:30:1 72:1:288:30:1 89:1:271:30:1
34,0x22,265,3,21,1,6,0,0x164e2c,33:1:244:30:1 64:4:209:30:1 66:2:214:30:1 67:4:198:30:1 68:4:204:30:1 80:1:214:30:1 71:4:284:30:1 72:1:288:30:1 89:1:271:30:1
35,0x23,280,2,10,1,6,0,0x164f60,52:1:281:8:0 64:4:209:30:1 66:2:214:30:1 67:4:198:30:1 68:4:204:30:1 80:1:214:30:1 71:4:284:30:1 72:1:288:30:1 89:1:271:30:1 0:1:282:8:0
36,0x24,282,2,10,1,6,0,0x164e68,5:1:317:8:0 10:1:318:8:0 14:1:318:8:0 25:1:319:8:0 64:2:209:8:0 70:1:320:8:0 71:4:284:8:0 72:1:288:8:0 73:1:318:8:0 75:3:289:8:0 37:1:325:8:0 38:1:326:8:0 39:1:327:8:0 40:3:312:8:0 88:1:318:8:0 33:1:324:8:0 34:1:324:30:1 92:2:321:8:0 52:1:380:30:1 55:1:328:8:0 95:1:316:8:0 97:1:283:8:0 64:4:209:30:1 66:2:214:30:1 67:4:198:30:1 68:4:204:30:1 80:1:214:30:1 71:4:284:30:1 72:1:288:30:1 89:1:271:30:1
37,0x25,329,2,10,1,6,0,0x164fa8,33:1:244:30:1 34:1:244:30:1 36:1:341:8:0 38:1:342:8:0 39:1:354:60:1 68:4:204:8:0 75:2:330:8:0 95:1:339:8:0 64:4:209:30:1 66:2:214:30:1 67:4:198:30:1 68:4:204:30:1 80:1:214:30:1 71:4:284:30:1 72:1:288:30:1 89:1:271:30:1
38,0x26,344,2,10,1,6,0,0x165010,33:1:244:30:1 34:1:244:30:1 64:2:350:8:0 36:1:351:8:0 37:1:352:8:0 39:1:354:60:1 95:1:349:8:0 64:4:209:30:1 66:2:214:30:1 67:4:198:30:1 68:4:204:30:1 80:1:214:30:1 71:4:284:30:1 72:1:288:30:1 89:1:271:30:1
39,0x27,354,2,10,1,6,0,0x165070,33:1:244:30:1 34:1:244:30:1 36:1:355:8:0 37:1:329:60:1 38:1:344:60:1 64:4:209:30:1 66:2:214:30:1 67:4:198:30:1 68:4:204:30:1 80:1:214:30:1 71:4:284:30:1 72:1:288:30:1 89:1:271:30:1
40,0x28,312,3,10,1,6,0,0x164f24,64:4:209:30:1 66:2:214:30:1 67:4:198:30:1 68:4:204:30:1 80:1:214:30:1 71:4:284:30:1 72:1:288:30:1 89:1:271:30:1 0:1:282:8:0
41,0x29,356,2,30,1,17,0,0x1650c8,10:1:357:8:0 64:4:209:30:1 66:2:214:30:1 67:4:198:30:1 68:4:204:30:1 80:1:214:30:1 76:16:64:30:1 77:4:65:30:1 81:1:88:30:1 87:1:91:30:1 49:1:376:30:1 50:1:376:30:1 71:4:284:30:1 72:1:288:30:1 89:1:271:30:1
42,0x2a,358,2,30,1,18,0,0x165128,10:1:359:8:0 64:4:209:30:1 66:2:214:30:1 67:4:198:30:1 68:4:204:30:1 80:1:214:30:1 76:16:64:30:1 77:4:65:30:1 81:1:88:30:1 87:1:91:30:1 49:1:376:30:1 50:1:376:30:1 71:4:284:30:1 72:1:288:30:1 89:1:271:30:1
43,0x2b,360,2,10,1,3,0,0x165188,118:1:361:8:0 70:1:361:8:0 64:1:197:30:1 66:1:197:30:1 67:1:197:30:1 68:1:197:30:1 80:1:197:30:1 71:4:284:30:1 72:1:288:30:1 89:1:271:30:1
44,0x2c,362,2,10,1,3,0,0x1651d0,118:1:363:8:0 70:1:363:8:0 64:1:197:30:1 66:1:197:30:1 67:1:197:30:1 68:1:197:30:1 80:1:197:30:1 71:4:284:30:1 72:1:288:30:1 89:1:271:30:1
45,0x2d,364,2,10,1,3,0,0x165218,118:1:365:8:0 70:1:365:8:0 64:4:209:30:1 66:2:214:30:1 67:4:198:30:1 68:4:204:30:1 80:1:214:30:1 71:4:284:30:1 72:1:288:30:1 89:1:271:30:1
46,0x2e,366,2,10,1,3,0,0x165260,118:1:367:8:0 70:1:367:8:0 64:4:209:30:1 66:2:214:30:1 67:4:198:30:1 68:4:204:30:1 80:1:214:30:1 71:4:284:30:1 72:1:288:30:1 89:1:271:30:1
47,0x2f,368,2,10,1,3,0,0x1652a8,118:1:369:8:0 70:1:369:8:0 64:1:197:30:1 66:1:197:30:1 67:1:197:30:1 68:1:197:30:1 80:1:197:30:1 71:4:284:30:1 72:1:288:30:1 89:1:271:30:1
48,0x30,370,2,10,1,3,0,0x1652f0,118:1:371:8:0 70:1:371:8:0 64:1:197:30:1 66:1:197:30:1 67:1:197:30:1 68:1:197:30:1 80:1:197:30:1 71:4:284:30:1 72:1:288:30:1 89:1:271:30:1
49,0x31,376,2,10,1,3,0,0x165334,47:1:377:8:1 64:4:209:30:1 66:2:214:30:1 67:4:198:30:1 68:4:204:30:1 80:1:214:30:1 71:4:284:30:1 72:1:288:30:1 89:1:271:30:1
50,0x32,378,2,10,1,3,0,0x165370,48:1:379:8:1 64:4:209:30:1 66:2:214:30:1 67:4:198:30:1 68:4:204:30:1 80:1:214:30:1 71:4:284:30:1 72:1:288:30:1 89:1:271:30:1
51,0x33,372,2,10,1,6,0,0x1653b0,5:1:373:8:0 10:1:373:8:0 70:1:373:8:0 80:2:374:8:0 64:4:209:30:1 66:2:214:30:1 67:4:198:30:1 68:4:204:30:1 80:1:214:30:1 71:4:284:30:1 72:1:288:30:1 89:1:271:30:1
52,0x34,380,2,10,1,19,0,0x165400,35:1:381:8:0 64:4:209:30:1 66:2:214:30:1 67:4:198:30:1 68:4:204:30:1 80:1:214:30:1 71:4:284:30:1 72:1:288:30:1 89:1:271:30:1
53,0x35,382,2,20,1,19,0,0x165440,5:1:388:8:0 10:1:389:8:0 14:1:389:8:0 73:1:386:8:0 54:1:387:8:0 30:1:390:8:0 31:1:391:8:0 97:1:384:8:0 64:4:209:30:1 66:2:214:30:1 67:4:198:30:1 68:4:204:30:1 80:1:214:30:1 71:4:284:30:1 72:1:288:30:1 89:1:271:30:1
54,0x36,387,3,21,1,19,0,0x1654a8,64:4:209:30:1 66:2:214:30:1 67:4:198:30:1 68:4:204:30:1 80:1:214:30:1 71:4:284:30:1 72:1:288:30:1 89:1:271:30:1
55,0x37,392,2,10,1,19,0,0x1654e0,10:1:399:8:0 58:1:395:8:0 62:1:400:8:0 64:4:209:30:1 66:2:214:30:1 67:4:198:30:1 68:4:204:30:1 80:1:214:30:1 71:4:284:30:1 72:1:288:30:1 89:1:271:30:1
56,0x38,402,2,10,1,19,0,0x165528,10:1:399:8:0 58:1:0:8:0 64:4:209:30:1 66:2:214:30:1 67:4:198:30:1 68:4:204:30:1 80:1:214:30:1 71:4:284:30:1 72:1:288:30:1 89:1:271:30:1
57,0x39,404,2,10,1,19,0,0x165570,52:1:380:30:1 5:1:399:8:0 10:1:399:8:0 58:1:0:8:0 64:4:209:30:1 66:2:214:30:1 67:4:198:30:1 68:4:204:30:1 80:1:214:30:1 71:4:284:30:1 72:1:288:30:1 89:1:271:30:1
58,0x3a,395,3,11,1,19,0,0x1655c0,52:1:380:30:1 5:1:399:8:0 10:1:399:8:0 64:4:209:30:1 66:2:214:30:1 67:4:198:30:1 68:4:204:30:1 80:1:214:30:1 71:4:284:30:1 72:1:288:30:1 89:1:271:30:1 0:1:392:8:0
59,0x3b,406,2,20,1,19,0,0x165610,64:4:209:30:1 66:2:214:30:1 67:4:198:30:1 68:4:204:30:1 80:1:214:30:1 76:16:64:30:1 77:4:65:30:1 81:1:88:30:1 87:1:91:30:1 49:1:376:30:1 50:1:376:30:1 71:4:284:30:1 72:1:288:30:1 89:1:271:30:1
60,0x3c,246,3,40,1,0,0,0x16566c,64:4:209:30:1 66:2:214:30:1 67:4:198:30:1 68:4:204:30:1 80:1:214:30:1 71:4:284:30:1 72:1:288:30:1 89:1:271:30:1
61,0x3d,53,2,30,1,0,0,0x1656a8,64:4:209:30:1 66:2:214:30:1 67:4:198:30:1 68:4:204:30:1 80:1:214:30:1 76:16:64:30:1 77:4:65:30:1 81:1:88:30:1 87:1:91:30:1 49:1:376:30:1 50:1:376:30:1 71:4:284:30:1 72:1:288:30:1 89:1:271:30:1 0:1:0:8:0
62,0x3e,400,3,40,1,0,0,0x165708,64:4:209:30:1 66:2:214:30:1 67:4:198:30:1 68:4:204:30:1 80:1:214:30:1 76:16:64:30:1 77:4:65:30:1 81:1:88:30:1 87:1:91:30:1 49:1:376:30:1 50:1:376:30:1 71:4:284:30:1 72:1:288:30:1 89:1:271:30:1
63,0x3f,138,3,31,1,6,0,0x165764,0:1:135:8:0
64,0x40,209,8,99,1,0,0,0x165770,0:1:0:8:0
65,0x41,192,8,99,1,0,0,0x16577c,0:1:0:8:0
66,0x42,214,8,99,1,0,0,0x165788,0:1:0:8:0
67,0x43,198,8,99,1,0,0,0x165794,0:1:0:8:0
68,0x44,204,8,99,1,0,0,0x1657a0,0:1:0:8:0
69,0x45,104,7,40,1,0,0,0x1657ac,64:4:209:30:1 66:2:214:30:1 67:4:198:30:1 68:4:204:30:1 80:1:214:30:1 71:4:284:30:1 72:1:288:30:1 89:1:271:30:1 0:1:0:8:0
70,0x46,320,7,40,1,0,0,0x1657e8,10:1:0:8:0 64:4:209:30:1 66:2:214:30:1 67:4:198:30:1 68:4:204:30:1 80:1:214:30:1 71:4:284:30:1 72:1:288:30:1 89:1:271:30:1 0:1:0:8:0
71,0x47,57,3,50,1,0,0,0x16582c,64:4:209:30:1 66:2:214:30:1 67:4:198:30:1 68:4:204:30:1 80:1:214:30:1 0:1:0:8:0
72,0x48,288,6,50,1,0,0,0x165858,64:4:209:30:1 66:2:214:30:1 67:4:198:30:1 68:4:204:30:1 80:1:214:30:1 71:4:284:30:1 72:1:288:30:1 89:1:271:30:1 0:1:0:8:0
73,0x49,61,2,40,1,0,0,0x165894,64:4:209:30:1 66:2:214:30:1 67:4:198:30:1 68:4:204:30:1 80:1:214:30:1 71:4:284:30:1 72:1:288:30:1 89:1:271:30:1 0:1:0:8:0
74,0x4a,63,2,40,1,0,0,0x1658d0,64:4:209:30:1 66:2:214:30:1 67:4:198:30:1 68:4:204:30:1 80:1:214:30:1 76:16:64:30:1 77:4:65:30:1 81:1:88:30:1 87:1:91:30:1 49:1:376:30:1 50:1:376:30:1 71:4:284:30:1 72:1:288:30:1 89:1:271:30:1 0:1:0:8:0
75,0x4b,289,3,11,1,0,0,0x165930,64:4:209:30:1 66:2:214:30:1 67:4:198:30:1 68:4:204:30:1 80:1:214:30:1 71:4:284:30:1 72:1:288:30:1 89:1:271:30:1 75:1:0:8:0 36:1:0:8:0 37:1:0:8:0 38:1:0:8:0 39:1:0:8:0 55:1:0:8:0 56:1:0:8:0 57:1:0:8:0
76,0x4c,64,6,50,1,0,0,0x165998,64:4:209:30:1 66:2:214:30:1 67:4:198:30:1 68:4:204:30:1 80:1:214:30:1 71:4:284:30:1 72:1:288:30:1 89:1:271:30:1 0:1:0:8:0
77,0x4d,65,6,50,1,0,0,0x1659d4,64:4:209:30:1 66:2:214:30:1 67:4:198:30:1 68:4:204:30:1 80:1:214:30:1 71:4:284:30:1 72:1:288:30:1 89:1:271:30:1 0:1:0:8:0
78,0x4e,274,2,30,3,0,0,0x165a4c,64:4:209:30:1 66:2:214:30:1 67:4:198:30:1 68:4:204:30:1 80:1:214:30:1 71:4:284:30:1 72:1:288:30:1 89:1:271:30:1 0:1:0:8:0
79,0x4f,55,2,40,3,0,0,0x165a88,64:4:209:30:1 66:2:214:30:1 67:4:198:30:1 68:4:204:30:1 80:1:214:30:1 76:16:64:30:1 77:4:65:30:1 81:1:88:30:1 87:1:91:30:1 49:1:376:30:1 50:1:376:30:1 71:4:284:30:1 72:1:288:30:1 89:1:271:30:1 0:1:0:8:0
80,0x50,374,8,99,1,0,0,0x165ae8,0:1:0:8:0
81,0x51,88,6,50,1,0,0,0x165af4,64:4:209:30:1 66:2:214:30:1 67:4:198:30:1 68:4:204:30:1 80:1:214:30:1 0:1:0:8:0
82,0x52,89,7,40,1,0,0,0x165b20,64:4:209:30:1 66:2:214:30:1 67:4:198:30:1 68:4:204:30:1 80:1:214:30:1 76:16:64:30:1 77:4:65:30:1 81:1:88:30:1 87:1:91:30:1 49:1:376:30:1 50:1:376:30:1 71:4:284:30:1 72:1:288:30:1 89:1:271:30:1 0:1:0:8:0
83,0x53,106,2,40,1,0,0,0x165b80,64:4:209:30:1 66:2:214:30:1 67:4:198:30:1 68:4:204:30:1 80:1:214:30:1 71:4:284:30:1 72:1:288:30:1 89:1:271:30:1 0:1:0:8:0
84,0x54,108,2,40,1,0,0,0x165bbc,64:4:209:30:1 66:2:214:30:1 67:4:198:30:1 68:4:204:30:1 80:1:214:30:1 71:4:284:30:1 72:1:288:30:1 89:1:271:30:1 0:1:0:8:0
85,0x55,107,2,40,1,0,0,0x165bf8,64:4:209:30:1 66:2:214:30:1 67:4:198:30:1 68:4:204:30:1 80:1:214:30:1 71:4:284:30:1 72:1:288:30:1 89:1:271:30:1 0:1:0:8:0
86,0x56,109,2,40,1,0,0,0x165c34,64:4:209:30:1 66:2:214:30:1 67:4:198:30:1 68:4:204:30:1 80:1:214:30:1 71:4:284:30:1 72:1:288:30:1 89:1:271:30:1 0:1:0:8:0
87,0x57,91,6,50,3,0,0,0x165a10,64:4:209:30:1 66:2:214:30:1 67:4:198:30:1 68:4:204:30:1 80:1:214:30:1 71:4:284:30:1 72:1:288:30:1 89:1:271:30:1 0:1:0:8:0
88,0x58,92,4,41,2,0,0,0x165c70,64:4:209:30:1 66:2:214:30:1 67:4:198:30:1 68:4:204:30:1 80:1:214:30:1 76:16:64:30:1 77:4:65:30:1 81:1:88:30:1 87:1:91:30:1 49:1:376:30:1 50:1:376:30:1 71:4:284:30:1 72:1:288:30:1 89:1:271:30:1 0:1:0:8:0
89,0x59,271,6,50,1,0,0,0x165cd0,64:4:209:30:1 66:2:214:30:1 67:4:198:30:1 68:4:204:30:1 80:1:214:30:1 0:1:0:8:0
90,0x5a,93,2,40,1,0,0,0x165d00,10:1:0:8:0 64:4:209:30:1 66:2:214:30:1 67:4:198:30:1 68:4:204:30:1 80:1:214:30:1 76:16:64:30:1 77:4:65:30:1 81:1:88:30:1 87:1:91:30:1 49:1:376:30:1 50:1:376:30:1 71:4:284:30:1 72:1:288:30:1 89:1:271:30:1
91,0x5b,94,2,40,1,0,0,0x165d60,10:1:0:8:0 64:4:209:30:1 66:2:214:30:1 67:4:198:30:1 68:4:204:30:1 80:1:214:30:1 76:16:64:30:1 77:4:65:30:1 81:1:88:30:1 87:1:91:30:1 49:1:376:30:1 50:1:376:30:1 71:4:284:30:1 72:1:288:30:1 89:1:271:30:1
92,0x5c,372,7,40,1,0,0,0x165dc0,51:1:0:8:0 64:4:209:30:1 66:2:214:30:1 67:4:198:30:1 68:4:204:30:1 80:1:214:30:1 71:4:284:30:1 72:1:288:30:1 89:1:271:30:1 0:1:0:8:0
93,0x5d,95,2,40,1,0,0,0x165e08,10:1:0:8:0 64:4:209:30:1 66:2:214:30:1 67:4:198:30:1 68:4:204:30:1 80:1:214:30:1 76:16:64:30:1 77:4:65:30:1 81:1:88:30:1 87:1:91:30:1 49:1:376:30:1 50:1:376:30:1 71:4:284:30:1 72:1:288:30:1 89:1:271:30:1
94,0x5e,96,2,40,1,0,0,0x165e68,10:1:0:8:0 64:4:209:30:1 66:2:214:30:1 67:4:198:30:1 68:4:204:30:1 80:1:214:30:1 76:16:64:30:1 77:4:65:30:1 81:1:88:30:1 87:1:91:30:1 49:1:376:30:1 50:1:376:30:1 71:4:284:30:1 72:1:288:30:1 89:1:271:30:1
95,0x5f,316,3,11,1,0,0,0x165ec8,36:1:0:8:0 37:1:0:8:0 38:1:0:8:0 39:1:0:8:0 75:1:0:8:0 64:4:209:30:1 66:2:214:30:1 67:4:198:30:1 68:4:204:30:1 80:1:214:30:1 71:4:284:30:1 72:1:288:30:1 89:1:271:30:1
96,0x60,245,2,21,1,0,0,0x165f1c,64:4:209:30:1 66:2:214:30:1 67:4:198:30:1 68:4:204:30:1 80:1:214:30:1 71:4:284:30:1 72:1:288:30:1 89:1:271:30:1 0:1:0:8:0
97,0x61,52,2,41,1,0,0,0x165f58,64:4:209:30:1 66:2:214:30:1 67:4:198:30:1 68:4:204:30:1 80:1:214:30:1 71:4:284:30:1 72:1:288:30:1 89:1:271:30:1 0:1:0:8:0
98,0x62,51,5,40,1,0,0,0x165f94,64:4:209:30:1 66:2:214:30:1 67:4:198:30:1 68:4:204:30:1 80:1:214:30:1 71:4:284:30:1 72:1:288:30:1 89:1:271:30:1 0:1:0:8:0
99,0x63,275,2,41,1,0,0,0x165fd0,64:4:209:30:1 66:2:214:30:1 67:4:198:30:1 68:4:204:30:1 80:1:214:30:1 76:16:64:30:1 77:4:65:30:1 81:1:88:30:1 87:1:91:30:1 49:1:376:30:1 50:1:376:30:1 71:4:284:30:1 72:1:288:30:1 89:1:271:30:1 0:1:0:8:0
100,0x64,276,2,41,1,0,0,0x166030,64:4:209:30:1 66:2:214:30:1 67:4:198:30:1 68:4:204:30:1 80:1:214:30:1 76:16:64:30:1 77:4:65:30:1 81:1:88:30:1 87:1:91:30:1 49:1:376:30:1 50:1:376:30:1 71:4:284:30:1 72:1:288:30:1 89:1:271:30:1 0:1:0:8:0
101,0x65,407,2,30,1,6,0,0x166090,80:2:429:8:0 71:1:0:8:0 76:1:0:8:0 64:2:429:8:0 68:2:429:8:0 71:1:0:8:0 72:1:0:8:0 80:1:429:8:0 81:1:0:8:0 89:1:0:8:0
102,0x66,409,2,41,1,0,0,0x1660d8,80:2:429:8:0 71:1:0:8:0 76:1:0:8:0 64:2:429:8:0 68:2:429:8:0 71:1:0:8:0 72:1:0:8:0 80:1:429:8:0 81:1:0:8:0 89:1:0:8:0
103,0x67,412,2,30,1,21,0,0x166120,80:2:429:8:0 71:1:0:8:0 76:1:0:8:0 64:2:429:8:0 68:2:429:8:0 71:1:0:8:0 72:1:0:8:0 80:1:429:8:0 81:1:0:8:0 89:1:0:8:0
104,0x68,422,2,40,1,0,0,0x166168,80:2:429:8:0 71:1:0:8:0 76:1:0:8:0 64:2:429:8:0 68:2:429:8:0 71:1:0:8:0 72:1:0:8:0 80:1:429:8:0 81:1:0:8:0 89:1:0:8:0 0:1:0:8:0
105,0x69,424,2,40,1,0,0,0x1661b0,80:2:429:8:0 71:1:0:8:0 76:1:0:8:0 64:2:429:8:0 68:2:429:8:0 71:1:0:8:0 72:1:0:8:0 80:1:429:8:0 81:1:0:8:0 89:1:0:8:0 0:1:0:8:0
106,0x6a,431,3,41,1,0,0,0x1661f8,80:2:429:8:0 71:1:0:8:0 76:1:0:8:0 64:2:429:8:0 68:2:429:8:0 71:1:0:8:0 72:1:0:8:0 80:1:429:8:0 81:1:0:8:0 89:1:0:8:0 0:1:0:8:0
107,0x6b,421,2,40,1,6,0,0x166240,102:2:427:8:0 106:1:431:8:0 80:2:429:8:0 71:1:0:8:0 76:1:0:8:0 64:2:429:8:0 68:2:429:8:0 71:1:0:8:0 72:1:0:8:0 80:1:429:8:0 81:1:0:8:0 89:1:0:8:0
108,0x6c,432,2,40,1,21,0,0x166290,80:2:429:8:0 71:1:0:8:0 76:1:0:8:0 64:2:429:8:0 68:2:429:8:0 71:1:0:8:0 72:1:0:8:0 80:1:429:8:0 81:1:0:8:0 89:1:0:8:0
109,0x6d,426,2,40,1,21,0,0x1662d8,80:2:429:8:0 71:1:0:8:0 76:1:0:8:0 64:2:429:8:0 68:2:429:8:0 71:1:0:8:0 72:1:0:8:0 80:1:429:8:0 81:1:0:8:0 89:1:0:8:0 0:1:0:8:0
110,0x6e,434,2,40,1,19,0,0x166320,80:2:429:8:0 71:1:0:8:0 76:1:0:8:0 64:2:429:8:0 68:2:429:8:0 71:1:0:8:0 72:1:0:8:0 80:1:429:8:0 81:1:0:8:0 89:1:0:8:0
111,0x6f,128,2,99,1,0,0,0x166364,0:1:0:8:0
112,0x70,130,2,40,2,6,0,0x166370,113:1:131:60:1 114:1:132:60:1 115:1:133:60:1 116:1:134:60:1 111:2:128:60:1 0:1:0:8:0
113,0x71,131,2,40,2,6,0,0x16639c,112:1:130:60:1 114:1:132:60:1 115:1:133:60:1 116:1:134:60:1 111:2:128:60:1 0:1:0:8:0
114,0x72,132,2,40,2,6,0,0x1663c8,112:1:130:60:1 113:1:131:60:1 115:1:133:60:1 116:1:134:60:1 111:2:128:60:1 0:1:0:8:0
115,0x73,133,2,40,2,6,0,0x1663f4,112:1:130:60:1 113:1:131:60:1 114:1:132:60:1 116:1:134:60:1 111:2:128:60:1 0:1:0:8:0
116,0x74,134,2,40,2,6,0,0x166420,112:1:130:60:1 113:1:131:60:1 114:1:132:60:1 115:1:133:60:1 111:2:128:60:1 0:1:0:8:0
117,0x75,265,3,20,1,0,0,0x16644c,64:4:209:30:1 66:2:214:30:1 67:4:198:30:1 68:4:204:30:1 80:1:214:30:1 71:4:284:30:1 72:1:288:30:1 89:1:271:30:1
118,0x76,244,5,40,1,6,0,0x166484,64:4:209:30:1 66:2:214:30:1 67:4:198:30:1 68:4:204:30:1 80:1:214:30:1 71:4:284:30:1 72:1:288:30:1 89:1:271:30:1 0:1:0:8:0
