row,col0,col1,col2,col3,col4,col5,col6,col7,col8,col9,col10,col11,col12,col13,col14,col15,col16,col17,col18,col19,col20,col21,col22,col23,col24,col25,col26
0,,,,,,,,,,,,,,,,,,,,,,,,,,,
1,,,,,,,,,,,,,,,,06000897,,06000897,,,,,,,,,
2,,,,,,,,,,,,,,,,06000895,,06000895,,,,,,,,,
3,,,,,,,,,,,,,,,,06000897,,06000897,,,,,,,,,
4,,,,,,,,,,,,,,,,06000896,,06000896,,,,,,,,,
5,,,,,,,,,,,,,,,,06000898,,06000898,,,,,,,,,
6,,,,,,,,,,,,,,,,0600089b,,0600089b,,,,,,,,,
7,,,,,,,,,,,,,,,,06000893,,06000893,,,,,,,,,
8,,,,,,,,,,,,,,,,06000894,,06000894,,,,,,,,,
9,,,,,,,,,,,,,,,,06000891,,06000891,,,,,,,,,
10,,,,,,,,,,,,,,,,06000899,,06000899,,,,,,,,,
11,,,,,,,,,,,,,,,,06000892,,06000892,,,,,,,,,
12,,,,,,,,,,,,,,,,0600089c,,0600089c,,,,,,,,,
13,,,,,,,,,,,,,,,,0600089a,,0600089a,,,,,,,,,
14,,,,,,060002bb,,,,,,,,,,,,,,060002bb,060002bb,06000a0d,06000a10,06000a0a,06000a1a,06000a0c,06000a0e
15,,,,,,060002af,,,06000394,,,,,,,,,,06000548,0600054b,,,,,,,
16,,,,,,060002ab,,,,,,,,,,,,060002ab,,060002ab,,,,,,,
17,,,,,,0600084e,,,,,,,,,,,,,,0600084e,,,,,,,
18,,,,,,0600022d,,,,,,,,,,,,,0600022d,0600022d,,,,,,,
19,,,,,,,,,060003aa,,,,,,,,,,,,,,,,,,
20,,,,,,,,,,,,,,,,,,,,,,,,,,,
21,,,,,,,,,060003ab,,,,,,,,,,,,,,,,,,
22,,,,,,,,,060003ab,,,,,,,,,,,,,,,,,,
23,,,,,,,,,,,,,,,,,,,,,,,,,,,
24,,,,,,0600022d,,,,,,,,,,,,,,0600022d,,,,,,,
25,,,,,,0600022d,,,,,,,,,,,,,,0600022d,,,,,,,
26,,,,,,0600022c,,,,,,,,,,,,,,0600022c,,,,,,,
27,,,,,,0600022c,,,,,,,,,,,,,,0600022c,,,,,,,
28,,,,,,,,,,,,,,,,,,,,,,,,,,,
29,,,,,,,,,,,,,,,,,,,,,,,,,,,
30,,,,,,0600022b,,,,,,,,,,,,,,0600022b,,,,,,,
31,,,,,,0600022b,,,,,,,,,,,,,,0600022b,,,,,,,
32,,,,,,,,,,,,,,,,,,,06000546,060005f7,,,,,,,
33,,,,,,,,,,,,,,,,,,,,,,,,,,,
34,,,,,,,,,,,,,,,,,,,,,,,,,,,
35,,,,,,0600084f,,,,,,,,,,,,,0600084f,0600084f,,,,,,,
36,,,,,,060002ae,,,06000393,,,,,,,,,,060005ef,060005ef,,,,,,,
37,,,,,,060002f0,,,06000396,,,,,,,,,,0600054c,0600054c,,,,,,,
38,,,,,,,,,06000395,,,,,,,,,,,,,,,,,,
39,,,,,,060002b0,,,060003a1,,,,,,,,,,060002b0,060002b0,,,,,,,
40,,,,,,,,,,,,,,,,,,,,,,,,,,,
41,,,,,,,,,,,,,,,,,,,06000549,06000549,,,,,,,
42,,,,,,0600089d,,,,,,,,,,,,,0600089d,0600089d,,,,,,,
43,,,,,,060008a0,,,,,,,,,,,,,060008a0,060008a0,,,,,,,
44,,,,,,060002b0,,,,,,,,,,,,,060002b0,060002b0,,,,,,,
45,,,,,,060002bd,,,,,,,,,,,,,,060002bd,060001d9,060009af,060009db,060001cd,060001f0,060001e0,060009b7
46,,,,,,060002ed,,,,,,,,,,,,,,060002ed,06000989,060009d6,060009f7,0600098d,,060009ea,060009b8
47,,,,,,060002ef,,,,,,,,,,,,,,060002ef,,,,,,,
48,,,,,060003e8,,,,,,,,,,,,,060003e8,,,,,,,,,
49,,,,,060003e9,,,,,,,,,,,,,060003e9,,,,,,,,,
50,,,,,060009e6,060002a9,0600031b,,0600039b,06000281,,,,,,,,,06000548,06000548,060001da,060009b0,060009dc,060001c8,060001f1,060001e6,060009fe
51,,,,,,060002ac,0600032a,,,0600051b,,,,,,,,060002ac,,060002ac,,,,,,,
52,,,,,,06000287,06000323,,,0600051c,,,,,,,,06000287,,06000287,,,,,,,
53,,,,,,060002b9,0600033c,,,0600026a,,,,,,,,,060002b9,060002b9,,,,,06000974,,
54,,,,,,060002ba,0600033d,,,0600026b,,,,,,,,,060002ba,060002ba,,,,,06000972,,
55,,,,,,,060005cf,,,060005d0,,,,,,,,,,,,,,,06000974,,
56,,,,,,,060006e0,,,,,,,,,,,,,,,,,,06000972,,
57,0600044b,,,,,,,,,,,,,,,,,0600044b,,,,,,,,,
58,06000411,,,,,,,,,,,,,,,,,06000411,,,,,,,,,
59,06000439,,,,,,,,,,,,,,,,,06000439,,,,,,,,,
60,0600043a,,,,,,,,,,,,,,,,,0600043a,,,,,,,,,
61,,,,,06000186,06000850,06000333,,,0600027c,,,,,,,,,06000850,06000850,,,,,,,
62,,,,,,06000851,,,,,,,,,,,,,06000851,06000851,,,,,06000a01,,
63,,,,,,,,,,0600026c,,,,,,,,,,,,,,,,,
64,,,,,06000156,06000249,06000676,,,06000676,,,,,,,,,06000249,06000249,,,,,,,
65,,,,,,,,,,,,,,,,,,,,,,,,,,,
66,,,,,,,,,,,,,,,,,,,,,,,,,,,
67,,,,,,,,,,,,,,,,,,,,,,,,,,,
68,,,,,,,,,,,,,,,,,,,,,,,,,,,
69,,,,,06000404,06000433,0600067e,,06000404,0600067e,,,,,,,,,06000433,06000433,,,,,,,
70,,,,,06000156,06000232,06000676,,,06000676,,,,,,,,,,06000232,,,,,,,
71,,,,,06000157,06000232,06000676,,,06000676,,,,,,,,,,06000232,,,,,,,
72,,,,,06000158,,06000674,,,06000674,,,,,,,,,,,,,,,,,
73,,,,,06000159,06000227,06000675,,,06000675,,,,,,,,,,06000227,,,,,,,
74,,,,,0600015c,0600022e,06000677,,,06000677,,,,,,,,,,0600022e,,,,,,,
75,,,,,06000155,,06000678,,,06000678,,,,,,,,,,,,,,,,,
76,,,,,0600015b,0600022f,06000679,,,06000679,,,,,,,,,,0600022f,,,,,,,
77,,,,,0600015a,06000231,0600067a,,,0600067a,,,,,,,,,,06000231,,,,,,,
78,,,,,06000156,06000233,0600067b,,,0600067b,,,,,,,,,,06000233,,,,,,,
79,,,,,06000157,06000228,0600067c,,,0600067c,,,,,,,,,,06000228,,,,,,,
80,,,,,06000157,06000229,0600067b,,,0600067c,,,,,,,,,,06000229,,,,,,,
81,,,,,,0600022a,,,,,,,,,,,,,,0600022a,,,,,,,
82,,,,,,0600023f,,,,,,,,,,,,,,0600023f,,,,,,,
83,,,,,06000161,,,,,,,,,,,,,,,,,,,,,,
84,,,,,,,06000318,,,06000517,,,,,,,,,,,,,,,,,
85,,,,,,,,,,,,,,,,,,,,,,,,,,,
86,,,,,,,,,,,,,,,,,,,,,,,,,,,
87,,,,,,,,,,,,,,,,,,,,,,,,,,,
88,,,,,06000404,06000433,0600067e,,,0600067e,,,,,,,,06000404,06000433,06000433,,,,,,,
89,,,,,06000187,06000425,06000332,,,0600026d,,,,,,,,,06000546,06000546,06000989,060009d6,060009f7,0600098d,,060009ea,060009b8
90,,,,,,06000876,0600087f,,,0600087e,,,,,,,,,,06000876,,,,,,,
91,,,,,,0600084d,,,,,,,,,,,,,0600084d,0600084d,,,,,,,
92,,,,,06000188,0600028d,06000331,,0600039a,06000280,,,,,,,,,060005f0,060005f0,,,,,,,
93,,,,,0600017c,06000447,0600033e,,,0600027a,,,,,,,,,,06000447,06000447,0600033e,06000a11,06000a13,06000a18,06000a16,0600066b
94,,,,,0600017b,06000446,0600033f,,,0600027b,,,,,,,,,,06000446,06000446,0600033f,06000a12,06000a14,06000a19,06000a17,06000669
95,,,,,,,0600067f,,,0600026e,,,,,,,,,,,,,,,,,
96,,,,,,,06000680,,,0600026f,,,,,,,,,,,,,,,,,
97,,,,,,060002bc,,,,,,,,,,,,,,060002bc,,,,,,,
98,,,,,,060002b5,,,0600039c,,,,,,,,,,06000547,06000547,,,,,,,
99,,,,,,060002ee,,,,,,,,,,,,,,060002ee,,,,,,,
100,,,,,,060002a2,06000317,,,06000270,,,,,,,,,,060002a2,,,,,,,
101,,,,,,060002a3,0600030e,,,06000271,,,,,,,,,,060002a3,,,,,,,
102,,,,,,06000286,,,,,,,,,,,,,,06000286,,,,,,,
103,,,,,,060002b6,06000334,,,06000282,,,,,,,,,060002b6,060002b6,,,,,,,
104,,,,,,,06000330,,,06000516,,,,,,,,,,,06000988,060009e1,060009f8,0600098c,06000a05,06000988,060009cf
105,,,,,,0600088d,,,,,,,,,,,,,0600088d,0600088d,,,,,,,
106,,,,,,060002b7,,,,,,,,,,,,,,060002b7,,,,,,,
107,,,,,,,,,,,,,,,,,,,,,,,,,,,
108,,,,,,060002b8,,,,,,,,,,,,,,060002b8,,,,,,,
109,,,,,,,,,,,,,,,,,,,,,,,,,,,
110,,,,,,,06000329,,,,,,,,,,,,,,,,,,,,
111,,,,,,,,,,,,,,,,,,,,,,,,,,,
112,06000408,,,,,06000408,,,,,,,,,,,,06000408,06000408,06000408,,,,,,,
113,,,,,,,,,,06000519,,,,,,,,,,,,,,,,,
114,,,,,06000167,,0600030d,,,0600051a,,,,,,,,,,,,,,,,,
115,,,,,06000167,,0600055a,,,,,,,,,,,,,,,,,,,,
116,,,,,06000167,06000255,,,,,,,,,,,,,,06000255,,,,,,,
117,,,,,,060002c5,06000317,,,06000270,,,,,,,,,,060002c5,,,,,,,
118,,,,,,060002c4,0600030e,,,06000271,,,,,,,,,,060002c4,,,,,,,
119,,,,,,0600029e,06000311,,,06000272,,,,,,,,,,0600029e,0600097c,060009b3,060009d7,060009fc,060009e4,060009df,0600066b
120,,,,,,,06000315,,,06000273,,,,,,,,,,,,,,,,,
121,,,,,,0600029f,06000313,,,06000274,,,,,,,,,,0600029f,,,,,,,
122,,,,,,060002a0,06000312,,,06000275,,,,,,,,,,060002a0,0600097d,060009b4,060009d8,060009fd,060009e5,060009e0,06000669
123,,,,,,,06000316,,,06000276,,,,,,,,,,,,,,,,,
124,,,,,,060002a1,06000314,,,06000277,,,,,,,,,,060002a1,,,,,,,
125,,,,,,0600054a,,,,0600054a,,,,,,,,0600054a,0600054a,0600054a,,,,,,,
126,,,,,,0600028a,,,,,,,,,,,,,,0600028a,,,,,,060001e7,060009b5
127,,,,,,,,,,,,,,,,,,,,,,,,,,,
128,,,,,,,,,,,,,,,,,060008e0,,,,,,,,,,
129,,,,,,,,,,,,,,,,,060008e3,,,,,,,,,,
130,,,,,,,,,,,,,,,,,060008dc,,,,,,,,,,
131,,,,,,,,,,,,,,,,,060008da,,,,,,,,,,
132,,,,,,,,,,,,,,,,,060008db,,,,,,,,,,
133,,,,,,,,,,,,,,,,,060008dd,,,,,,,,,,
134,,,,,,,,,,,,,,,,,060008de,,,,,,,,,,
135,,,,,,060002c8,,,060003fc,,,,,,,,,,,060002c8,,,,,,,
136,,,,,,060002cf,,,,,,,,,,,,,,060002cf,,,,,,,
137,,,,,,060002d0,,,,,,,,,,,,,,060002d0,,,,,,,
138,,,,,,060002e2,,,,,,,,,,,,,,060002e2,,,,,,,
139,,,,,,060002e4,,,,,,,,,,,,,,060002e4,,,,,,,
140,,,,,,060002d1,,,,,,,,,,,,,,060002d1,,,,,,,
141,,,,,,060002d2,,,,,,,,,,,,,,060002d2,,,,,,,
142,,,,,,060002e0,,,,,,,,,,,,,,060002e0,,,,,,,
143,,,,,,060002e5,,,,,,,,,,,,,,060002e5,,,,,,,
144,,,,,,060002d3,,,,,,,,,,,,,,060002d3,,,,,,,
145,,,,,,060002cb,,,,,,,,,,,,,,060002cb,,,,,,,
146,,,,,,060002ca,,,,,,,,,,,,,,060002ca,,,,,,,
147,,,,,,060002c9,,,,,,,,,,,,,,060002c9,,,,,,,
148,,,,,,060002ce,,,,,,,,,,,,,,060002ce,,,,,,,
149,,,,,,060002cd,,,,,,,,,,,,,,060002cd,,,,,,,
150,,,,,,060002cc,,,,,,,,,,,,,,060002cc,,,,,,,
151,,,,,,060002af,,,,,,,,,,,,,,060002af,,,,,,,
152,,,,,,0600023d,,,,,,,,,,,,,,0600023d,,,,,,,
153,,,,,,060002e1,,,,,,,,,,,,,,060002e1,,,,,,,
154,,,,,,060002af,,,,,,,,,,,,,,060002af,,,,,,,
155,,,,,,0600023c,,,,,,,,,,,,,,0600023c,,,,,,,
156,,,,,,060002e3,,,,,,,,,,,,,,060002e3,,,,,,,
157,,,,,,,,,,,,06000811,,,,,,,,,,,,,,,
158,,,,,,,,,,,,06000810,,,,,,,,,,,,,,,
159,,060000cd,06000363,060005d3,,060002af,,,06000397,,060000cd,060000cd,060000cd,06000363,06000363,,,,,060002af,,,,,,,
160,,,,,,,,,06000398,,,,,,,,,,,,,,,,,,
161,,,,,,,,,06000399,,,,,,,,,,,,,,,,,,
162,,,,,,,,,060003a5,,,,,,,,,,,,,,,,,,
163,,,,060005d5,,,,,,,,,,,,,,,,,,,,,,,
164,,,,060005d5,,,,,,,,,,,,,,,,,,,,,,,
165,,,,,0600032e,060002b1,0600032e,,060003a2,0600027d,,,,,,,,,060002b1,060002b1,,,,,,,
166,,,,,,060002b3,0600032f,,,0600027e,,,,,,,,,060002b3,060002b3,,,,,,,
167,,,,,,060002b2,,,060003a3,,,,,,,,,,,060002b2,,,,,,,
168,,,,,,0600089f,,,,,,,,,,,,,0600089f,0600089f,,,,,,,
169,,,,,,060002b4,06000335,,,0600027f,,,,,,,,,,060002b4,,,,,,,
170,,,,,,,,,060003a4,,,,,,,,,,,,,,,,,,
171,,,,,0600061c,060002d4,06000342,,,06000265,,,,,,,,,,060002d4,,,,,,,
172,,,,,,060002db,06000340,,,06000279,,,,,,,,,,060002db,,,,,,,
173,,,,,,060002dc,06000341,,,06000278,,,,,,,,,,060002dc,,,,,,,
174,,,,,,060002dd,,,,,,,,,,,,,,060002dd,,,,,,,
175,,,,,,060002de,,,,,,,,,,,,,,060002de,,,,,,,
176,,,,,,060002df,,,,,,,,,,,,,,060002df,,,,,,,
177,,,,,060005fd,060002e8,06000339,,,06000267,,,,,,,,,,060002e8,,,,,,,
178,,,,,06000607,060002ea,0600033b,,,06000269,,,,,,,,,,060002ea,,,,,,,
179,,,,,,060002d7,,,,,,,,,,,,,,060002d7,,,,,,,
180,,,,,,060002d6,,,,,,,,,,,,,,060002d6,,,,,,,
181,,,,,,060002d5,,,,,,,,,,,,,,060002d5,,,,,,,
182,,,,,,060002da,,,,,,,,,,,,,,060002da,,,,,,,
183,,,,,,060002d9,,,,,,,,,,,,,,060002d9,,,,,,,
184,,,,,,060002d8,,,,,,,,,,,,,,060002d8,,,,,,,
185,,,,,060009e6,060002a9,0600031b,,,06000281,,,,,,,,,,060002a9,,,,,,,
186,,,,,06000188,0600028d,06000331,,,06000280,,,,,,,,,,0600028d,,,,,,,
187,,,,,060005fe,060002e7,06000338,,,06000266,,,,,,,,,,060002e7,,,,,,,
188,,,,,060009e6,060002a9,0600031b,,,06000281,,,,,,,,,,060002a9,,,,,,,
189,,,,,06000188,0600028d,06000331,,,06000280,,,,,,,,,,0600028d,,,,,,,
190,,,,,06000608,060002e9,0600033a,,,06000268,,,,,,,,,,060002e9,,,,,,,
191,,,,,,,,,,,,,,,,,,,,,,,,,,,
192,060005f2,,,,,,,,,,,,,,,,,060005f2,060005f2,,,,,,,,
193,06000215,060003a8,060003a8,,,06000215,,,060003a8,,,,,060003a8,060003a8,,,06000215,06000215,06000215,,,,,,,
194,06000216,,,,,06000216,,,,,,,,,,,,06000216,,06000216,,,,,,,
195,06000217,,,,,06000217,,,,,,,,,,,,06000217,,06000217,,,,,,,
196,0600021e,,,,,,,,,,,,,,,,,0600021e,,,,,,,,,
197,0600095f,,,,,,,,,,,,,,,,,,,,,,,,,,
198,060003a8,,060003a8,,,,,,,,,,,060003a8,060003a8,,,060003a8,,,,,,,,,
199,060003a6,,060003a6,,,,,,,,,,,060003a6,060003a6,,,060003a6,,,,,,,,,
200,060003a7,,060003a7,,,,,,,,,,,060003a7,060003a7,,,060003a7,,,,,,,,,
201,060003a9,,060003a9,,,,,,,,,,,060003a9,060003a9,,,060003a9,,,,,,,,,
202,06000412,,,,,06000412,,,,,,,,,,,,06000412,,06000412,,,,,,,
203,060000a4,060000a4,,,,,,,,,,,,,,,,060000a4,,,,,,,,,
204,06000222,,,,,,,,,,,,,,,,,06000222,,,,,,,,,
205,06000221,,,,,,,,,,,,,,,,,06000221,,,,,,,,,
206,06000223,,,,,,,,,,,,,,,,,06000223,,,,,,,,,
207,06000224,,,,,,,,,,,,,,,,,06000224,,,,,,,,,
208,060005f8,,,,,,,,,,,,,,,,,060005f8,,,,,,,,,
209,0600014f,,,,,,,,,,,,,,,,,0600014f,0600014f,,,,,,,,
210,06000418,,,,,,,,,,,,,,,,,06000418,,,,,,,,,
211,060005fa,,,,,,,,,,,,,,,,,060005fa,,,,,,,,,
212,060005f9,,,,,,,,,,,,,,,,,060005f9,,,,,,,,,
213,060005f8,,,,,,,,,,,,,,,,,060005f8,,,,,,,,,
214,0600021c,,,,,0600021c,,,06000153,,,,,,,,,0600021c,,0600021c,,,,,,,
215,060005f3,060003a6,060003a6,,,,,,060003a6,,,,,060003a6,060003a6,,,060005f3,,,,,,,,,
216,0600021b,060003a6,060003a6,,,0600021b,,,060003a6,,,,060003a6,060003a6,,,,0600021b,0600021b,0600021b,,,,,,,
217,060005f3,060003a6,060003a6,,,,,,060003a6,,,,,060003a6,060003a6,,,060005f3,,,,,,,,,
218,,,,,,0600088c,,,,,,,,,,,,,0600088c,0600088c,,,,,,,
219,,,,,,0600088e,,,,,,,,,,,,,0600088e,0600088e,,,,,,,
220,,060003dc,060003dc,060005d6,0600070a,06000545,06000511,,0600047d,06000514,06000812,06000812,06000812,06000327,060003dc,,,0600070a,,06000545,06000545,06000327,0600070a,0600070a,0600070a,060001e5,06000357
221,,,,,,,,,,,,,,,,,,,,,,,,,,,
222,,,,,,06000236,,,,,,,,,,,,,,06000236,,,,,,,
223,,,,,06000182,,,,,,,,,,,,,,,,,,,,,,
224,,,,,06000184,0600029c,,,,,,,,,,,,,,0600029c,,,,,,,
225,,,,,06000184,060002a7,,,,,,,,,,,,,,060002a7,,,,,,,
226,,,,,0600070c,0600029a,06000328,,,,,,,,,,,,,0600029a,,,,,,,
227,,,,,0600070c,060002a8,06000328,,,,,,,,,,,,,060002a8,,,,,,,
228,,,,060005d7,,,,,,,,,,,,,,,,,,,,,,,
229,,,,060005d7,,,,,,,,,,,,,,,,,,,,,,,
230,,,,,,0600029b,,,,,,,,,,,,,,0600029b,,,,,,,
231,,,,,,060002a6,,,,,,,,,,,,,,060002a6,,,,,,,
232,,,,,,,,,,,,,,,,,,,,,06000545,06000327,0600070a,0600070a,0600070a,060001e5,06000357
233,,,,,,,,,,,,,,,,,,,,,,,,,,,
234,,,,,,,,,,,,,,,,,,,,,,,,,,,
235,,,,,,,,,,,,,,,,,,,,,,,,,,,
236,,,,,,,,,,,,,,,,,,,,,,,,,,,
237,,,,,,,,,,,,,,,,,,,,,,,,,,,
238,0600040a,,,,,,,,,,,,,,,,,0600040a,0600040a,,,,,,,,
239,06000409,,,,,,,,,,,,,,,,,06000409,06000409,,,,,,,,
240,06000244,,,,,,,,,,,,,,,,,06000244,,,,,,,,,
241,06000245,,,,,,,,,,,,,,,,,06000245,,,,,,,,,
242,06000246,,,,,,,,,,,,,,,,,06000246,,,,,,,,,
243,06000250,,,,,,,,,,,,,,,,,06000250,,,,,,,,,
244,0600031e,060000a5,06000362,060005d8,,060002a4,0600031e,,0600039e,06000521,060000a5,06000860,060000a5,06000362,06000362,,,0600031e,060002a4,060002a4,,,,,,,
245,,,,,,060002c1,,,,,,,,,,,,,060002c1,060002c1,,,,,,,
246,060007af,,,,,,,,,,,,,,,,,060007af,,,,,,,,,
247,,,,,,06000238,,,,,,,,,,,,,06000238,06000238,,,,,,,
248,,,,,,0600023a,,,,,,,,,,,,,,0600023a,,,,,,,
249,,,,,,06000238,,,,,,,,,,,,,,06000238,,,,,,,
250,,,,,,06000239,,,,,,,,,,,,,,06000239,,,,,,,
251,,,,,,06000237,,,,,,,,,,,,,,06000237,,,,,,,
252,,,,,,,,,,,,,,,,,,,,,,,,,,,
253,,,,,,,,,,,,,,,,,,,,,,,,,,,
254,,,,,,,,,,,,,,,,,,,,,,,,,,,
255,,,,,,,,,,,,,,,,,,,,,,,,,,,
256,,,,,,,,,,,,,,,,,,,,,,,,,,,
257,,,,,,,,,,,,,,,,,,,,,,,,,,,
258,,,,,,,,,,,,,,,,,,,,,,,,,,,
259,,,,,,,,,,,,,,,,,,,,,,,,,,,
260,,,,,,,,,,,,,,,,,,,,,,,,,,,
261,,,,,,,,,,,,,,,,,,,,,,,,,,,
262,,,,,,,,,,,,,,,,,,,,,,,,,,,
263,,,,,,,,,,,,,,,,,,,,,,,,,,,
264,,,,,,,,,,,,,,,,,,,,,,,,,,,
265,,,,060005db,,06000288,0600031c,,,06000520,,,,,,,,0600031c,06000288,06000288,,,,,,,
266,,,,060005e0,,,0600031d,,,0600051d,,,,,,,,,,,,,,,,,
267,,,,060005dc,,,,,,,,,,,,,,,,,,,,,,,
268,,,,060005dd,,,,,,,,,,,,,,,,,,,,,,,
269,,,,,,,,,,,,,,,,,,060007ac,,,,,,,,,
270,,,,,,,,,,,,,,,,,,060007ad,,,,,,,,,
271,,,,,,,06000445,,,,,,,,,,,06000445,,,,,,,,,
272,,,,,,060002a5,0600031f,,06000481,0600051e,,,,,,,,,,060002a5,,,,,,,
273,,060000cc,,060005de,,,,,,,060000cc,060000cc,060000cc,,,,,,,,,,,,,,
274,,,,,06000578,0600077e,0600053f,,,0600053c,,,,,,,,0600053c,,0600077e,,,,,,,
275,,,,,,060002bf,,,,,,,,,,,,,,060002bf,,,,,,,
276,,,,,,060002c0,,,,,,,,,,,,,,060002c0,,,,,,,
277,,,,060005df,,,,,,,,,,,,,,,,,,,,,,,
278,,,,,,,,,,,,,,,,,,,,,,,,,,,
279,,,,,,,0600032b,,,0600051f,,,,,,,,,,,,,,,,,
280,,,,,,,,,,,,,,06000838,,,,,,,,,,,,,
281,,,,,,,,,,,,,,06000839,,,,,,,,,,,,,
282,,060003d9,0600035f,060005d8,060001ad,0600025c,060002f2,,0600039e,060002f2,060001bb,060001bb,060001bb,0600035f,0600035f,,,060001bb,0600054a,0600025c,060001d4,060009b0,060009dc,060001ce,060001f1,060001e6,0600034a
283,,,,,,06000260,0600030c,,,,,,,,,,,06000260,,06000260,,,,,,,
284,06000411,,,,,,,,,,,,,,,,,06000411,06000411,,,,,,,,
285,0600044b,,,,,,,,,,,,,,,,,06000411,06000411,,,,,,,,
286,06000439,,,,,,,,,,,,,,,,,06000439,06000439,,,,,,,,
287,0600043a,,,,,,,,,,,,,,,,,0600043a,0600043a,,,,,,,,
288,,,,,,,,,,,,,,,,,,06000444,,,,,,,,,
289,060001a6,,,060005d9,060001a6,,060002f5,,,06000529,060001b5,060001b5,060001b5,,,,,060001a6,060001a6,,,,,,,,
290,060001a3,,,060005da,060001a3,,,,,,,,,,,,,060001a3,060001a3,,,,,,,,
291,060001a7,,,,060001a7,,,,,,,,,,,,,060001a7,060001a7,,,,,,,,
292,060001a5,,,,060001a5,,,,,,,,,,,,,060001a5,060001a5,,,,,,,,
293,060001a5,,,,,,,,,,,,,,,,,060001a5,060001a5,,,,,,,,
294,,,,,,06000249,,,,,,,,,,,,,,06000249,,,,,,,
295,,,,,,06000534,,,,,,,,,,,,,,06000534,,,,,,,
296,,,,,,06000539,,,,,,,,,,,,,,06000539,,,,,,,
297,,,,,,06000536,,,,,,,,,,,,,,06000536,,,,,,,
298,,,,,,06000535,,,,,,,,,,,,,,06000535,,,,,,,
299,,,,,,,,,,,,,,,,,,,,,,,,,,,
300,,,,,,,,,,,,,,,,,,,,,,,,,,,
301,,,,,,,,,,,,,,,,,,,,,,,,,,,
302,,,,,,,,,,,,,,,,,,,,,,,,,,,
303,,,,,,,,,,,,,,,,,,,,,,,,,,,
304,,,,,,,,,,,,,,,,,,,,,,,,,,,
305,,,,,,,,,,,,,,,,,,,,,,,,,,,
306,,,,,,,,,,,,,,,,,,,,,,,,,,,
307,,,,,,,,,,,,,,,,,,,,,,,,,,,
308,,,,,,,,,,,,,,,,,,,,,,,,,,,
309,,,,,,,,,,,,,,,,,,,,,,,,,,,
310,,,,,,,,,,,,,,,,,,,,,,,,,,,
311,,,,,,,,,,,,,,,,,,,,,,,,,,,
312,,,,060005db,060001a4,06000256,06000303,,,,06000860,06000860,06000860,,,,,,,06000256,,,,,,,
313,,,,060005e0,,,060002fd,,,,,,,,,,,,,,,,,,,,
314,,,,060005dc,,06000257,,,,,,,,,,,,,,06000257,,,,,,,
315,,,,060005dd,,06000258,,,,,,,,,,,,,,06000258,,,,,,,
316,,,,,,,,,,,060001b9,,,,,,,,,,,,,,,,
317,,,,,,,,,0600039f,,,,,,,,,,,,,,,,,,
318,,,,,060001a8,0600025e,060002f3,,,0600052e,,,,,,,,,,0600025e,,,,,,,
319,,,,060005de,,,,,060003a0,,,,,,,,,,,,,,,,,,
320,060001c2,,,,,,,,,,,,,,,,,060001c2,,,,,,,,,
321,060001b0,,,,,,,,,,,,,,,,,060001b0,,,,,,,,,
322,060001b1,,,,,,,,,,,,,,,,,060001b1,,,,,,,,,
323,,,,060005df,,,,,,,,,,,,,,,,,,,,,,,
324,,,,,,,,,,,,,,,,,,,,,,,,,,,
325,,,,,,,0600030b,,,,060001b6,,060001b6,,06000360,,,,,,,,,,,,
326,,,,,,0600025f,06000304,,,,,,,,,,,,,0600025f,,,,,,,
327,,,,,,,,,,,,,,,06000361,,,,,,,,,,,,
328,,,,,060001a9,0600025a,060002f4,,,06000528,,,,,,,,,,0600025a,,,,,,,
329,,,,,,06000259,06000625,,,,060001bc,,060001bc,,06000358,,,,,06000259,,,,,,,
330,,,,,,,06000555,,,,060001b7,,060001b7,,,,,,,,,,,,,,
331,,,,,,,06000556,,,,,,,,,,,,,,,,,,,,
332,,,,,,,06000557,,,,,,,,,,,,,,,,,,,,
333,,,,,,,06000558,,,,,,,,,,,,,,,,,,,,
334,,,,,,,0600030a,,,,,,,,,,,,,,,,,,,,
335,,,,,,,06000309,,,,,,,,,,,,,,,,,,,,
336,,,,,,,,,,,,,,,,,,,,,,,,,,,
337,,,,,,,,,,,,,,,,,,,,,,,,,,,
338,,,,,,,,,,,,,,,,,,,,,,,,,,,
339,,,,,,,,,,,060001ba,,,,,,,,,,,,,,,,
340,,,,,,,0600055b,,,,,,,,,,,,,,,,,,,,
341,,,,,,0600025d,06000308,,,,060001b8,,060001b8,,,,,,,0600025d,,,,,,,
342,,,,,,,,,,,060001bd,,060001bd,,06000359,,,,,,,,,,,,
343,,,,,,,06000542,,,,,,,,,,,,,,,,,,,,
344,,,,,060001ad,0600025b,060002f1,,,,060001bf,,060001bf,,0600035a,,,,,0600025b,,,,,,,
345,,,,,,,06000306,,,,,,,,,,,,,,,,,,,,
346,,,,,,,060002fe,,,,,,,,,,,,,,,,,,,,
347,,,,,,,,,,,,,,,,,,,,,,,,,,,
348,,,,,,,,,,,,,,,,,,,,,,,,,,,
349,,,,,,,,,,,060001c0,,,,,,,,,,,,,,,,
350,0600021b,,,,,0600021b,,,,,,,,,,,,0600021b,0600021b,0600021b,,,,,,,
351,,,,,,,06000307,,,,060001be,,060001be,,0600035b,,,,,,,,,,,,
352,,,,,,,06000305,,,,,,,,,,,,,,,,,,,,
353,,,,,,,060002ff,,,,,,,,,,,,,,,,,,,,
354,,,,,060001ad,,,,,,,,,,0600035c,,,,,,,,,,,,
355,,,,,,,,,,,,,,,0600035d,,,,,,,,,,,,
356,,,,,,060002c6,06000311,,,06000272,,,,,,,,,,060002c6,0600097c,060009b3,060009d7,060009fc,060009e4,060009df,0600066a
357,,,,,,060002c7,06000313,,,06000274,,,,,,,,,,060002c7,,,,,,,
358,,,,,,060002c3,06000312,,,06000275,,,,,,,,,,060002c3,0600097d,060009b4,060009d8,060009fd,060009e5,060009e0,06000668
359,,,,,,060002c2,06000314,,,06000277,,,,,,,,,,060002c2,,,,,,,
360,06000241,,,,,,,,,,,,,,,,,06000241,,,,,,,,,
361,06000242,,,,,,,,,,,,,,,,,06000242,,,,,,,,,
362,06000243,,,,,,,,,,,,,,,,,06000243,,,,,,,,,
363,06000240,,,,,,,,,,,,,,,,,06000240,,,,,,,,,
364,06000248,,,,,,,,,,,,,,,,,06000248,,,,,,,,,
365,06000247,,,,,,,,,,,,,,,,,06000247,,,,,,,,,
366,0600024e,,,,,,,,,,,,,,,,,0600024e,,,,,,,,,
367,0600024f,,,,,,,,,,,,,,,,,0600024f,,,,,,,,,
368,06000808,,,,,,,,,,,,,,,,,06000808,,,,,,,,,
369,06000807,,,,,,,,,,,,,,,,,06000807,,,,,,,,,
370,06000254,,,,,,,,,,,,,,,,,06000254,,,,,,,,,
371,06000251,,,,,,,,,,,,,,,,,06000251,,,,,,,,,
372,060001b2,,,,060001b2,,,,,,,,,,,,,060001b2,,,,,,,,,
373,060001b3,,,,060001b3,,,,,,,,,,,,,060001b3,,,,,,,,,
374,060001ae,,,,,,,,,,,,,,,,,060001ae,,,,,,,,,
375,060001ae,,,,060001ae,,,,,,,,,,,,,060001ae,,,,,,,,,
376,0600024d,,,,,,,,,,,,,,,,,0600024d,,,,,,,,,
377,06000809,,,,,,,,,,,,,,,,,06000809,,,,,,,,,
378,06000253,,,,,,,,,,,,,,,,,06000253,,,,,,,,,
379,06000252,,,,,,,,,,,,,,,,,06000252,,,,,,,,,
380,,,,060000ca,0600018f,060002ec,06000337,,,0600052a,060000ca,060000ca,060000ca,06000837,,,,060000ca,,060002ec,060001db,060009b2,060009de,060001ca,060001f2,060001e7,06000347
381,,,,,,,,,,,,,,06000835,,,,,,,,,,,,,
382,,,,,06000177,0600029d,06000321,,,06000524,,,,,,,,060000ca,,0600029d,,,,,,,
383,,,,,,,06000326,,,06000523,,,,,,,,,,,,,,,,,
384,,,,,,06000289,,,,,,,,,,,,,,06000289,,,,,,,
385,,,,,,060002ad,0600032d,,,,,,,,,,,0600032d,,060002ad,,,,,,,
386,,,,,,,,,,,,,,,,,,,,,,,,,,,
387,,,,,,0600028b,06000325,,,06000522,,,,,,,,06000325,,0600028b,,,,,,,
388,,,,,,0600028f,,,,,,,,,,,,,,0600028f,,,,,,,
389,,,,,06000176,0600028c,06000322,,,06000513,,,,,,,,,,0600028c,,,,,,,
390,,,,,,06000290,0600032c,,,06000525,,,,,,,,,,06000290,,,,,,,
391,,,,,,,,,,,,,,,,,,,,,,,,,,,
392,,060003da,060003da,060000ca,060001aa,06000262,060002f7,,0600047e,0600052a,060000ca,060000ca,060000ca,060003da,060003da,,,060000ca,,06000262,060001db,060009b2,060009de,060001ca,060001f2,060001e7,06000347
393,,,,,060001a2,,060002fc,,,,,,,,,,,,,,,,,,,,
394,,,,,,,,,,,,06000814,,,,,,,,,,,,,,,
395,,,,060000cb,060001ab,06000261,060002f8,,,0600052b,060000cb,060000cb,060000cb,,,,,,,06000261,,,,,,,
396,,,,,,,,,,,,,,,,,,,,,,,,,,,
397,,,,060000cb,,,060002f9,,,0600052b,060000cb,060000cb,060000cb,,,,,,,,,,,,,,
398,,,,060000ce,,,060002fa,,,0600052c,060000ce,060000ce,060000ce,,,,,,,,,,,,,,
399,,,,,060001ac,06000264,060002fb,,,0600052d,,,,,,,,,,06000264,,,,,,,
400,,,,,,,,,,,,06000813,,,,,,,,,,,,,,,
401,,,,,,,06000300,,,06000527,,,,,,,,,,,,,,,,,
402,,,,,060001aa,,06000543,,,,,,,,,,,,,,,,,,,,
403,,,,,,,06000544,,,,,,,,,,,,,,,,,,,,
404,,,,,060001aa,,06000301,,,,,,,,,,,,,,,,,,,,
405,,,,,,,06000302,,,,,,,,,,,,,,,,,,,,
406,,,,,,060002e6,,,,,,,,,,,,,,060002e6,,,,,,,
407,,,,,,,,060003d8,,,,,,,,,,,,,,,,,,,
408,,,,,,,,060003d8,,,,,,,,,,,,,,,,,,,
409,,,,,,,,060003c7,,,,,,,,,,,,,,,,,,,
410,,,,,,,,060003c8,,,,,,,,,,,,,,,,,,,
411,,,,,,,,060003d3,,,,,,,,,,,,,,,,,,,
412,,,,,,,,060003be,,,,,,,,,,,,,,,,,,,
413,,,,,,,,060003bf,,,,,,,,,,,,,,,,,,,
414,,,,,,,,060003c5,,,,,,,,,,,,,,,,,,,
415,,,,,,,,060003cd,,,,,,,,,,,,,,,,,,,
416,,,,,,,,060003d7,,,,,,,,,,,,,,,,,,,
417,,,,,,,,060003d5,,,,,,,,,,,,,,,,,,,
418,,,,,,,,060003d6,,,,,,,,,,,,,,,,,,,
419,,,,,,,,060003d4,,,,,,,,,,,,,,,,,,,
420,,,,,,,,060003c4,,,,,,,,,,,,,,,,,,,
421,,,,,,,,060003c2,,,,,,,,,,,,,,,,,,,
422,,,,,,,,060003ca,,,,,,,,,,,,,,,,,,,
423,,,,,,,,060003cb,,,,,,,,,,,,,,,,,,,
424,,,,,,,,060003c9,,,,,,,,,,,,,,,,,,,
425,,,,,,,,060003cc,,,,,,,,,,,,,,,,,,,
426,,,,,,,,060003bd,,,,,,,,,,,,,,,,,,,
427,,,,,,,,060003c6,,,,,,,,,,,,,,,,,,,
428,,,,,,,,060003ce,,,,,,,,,,,,,,,,,,,
429,,,,,,,,060003d0,,,,,,,,,,,,,,,,,,,
430,,,,,,,,060003d0,,,,,,,,,,,,,,,,,,,
431,,,,,,,,060003c3,,,,,,,,,,,,,,,,,,,
432,,,,,,,,060003d1,,,,,,,,,,,,,,,,,,,
433,,,,,,,,060003d2,,,,,,,,,,,,,,,,,,,
434,,,,,,,,060003c0,,,,,,,,,,,,,,,,,,,
435,,,,,,,,060003c1,,,,,,,,,,,,,,,,,,,
