row,htFlags_0,f4_raw,animState_8,nextRow_a,mode_c,b_d,blend_e,b_f,moveState_10,b11,b12,b13,speed_14
0,0x402,0x0,0,0,0,0,0,0,1,0,0,0,1.0
1,0x0,0x0,76,11,6,0,8,0,24,0,0,0,1.0
2,0x0,0x0,76,11,6,0,8,0,24,0,0,0,1.0
3,0x0,0x0,76,11,6,0,8,0,24,0,0,0,1.0
4,0x0,0x0,76,11,6,0,8,0,24,0,0,0,1.0
5,0x0,0x0,76,11,6,0,8,0,24,0,0,0,1.0
6,0x0,0x0,88,11,7,0,8,0,24,0,0,0,1.0
7,0x0,0x0,64,191,8,0,8,0,1,0,0,0,1.0
8,0x0,0x0,64,191,8,0,8,0,1,0,0,0,1.0
9,0x1,0x0,64,0,2,0,8,0,25,0,0,0,1.0
10,0x0,0x0,64,191,8,0,8,0,1,0,0,0,1.0
11,0x1,0x0,2,0,2,0,8,2,24,0,0,0,1.0
12,0x1,0x0,3,0,2,0,8,2,24,0,0,0,1.0
13,0x0,0x0,33,244,5,0,8,0,6,0,0,0,1.0
14,0x1,0x0,4,14,2,0,8,2,20,0,0,0,1.0
15,0x403,0x0,5,15,2,0,8,2,3,0,0,0,1.0
16,0x100,0x0,98,220,5,0,0,0,23,0,0,0,1.0
17,0x0,0x0,73,15,3,0,8,3,3,0,0,0,1.0
18,0x0,0x0,76,15,6,0,8,3,3,0,0,0,1.0
19,0x0,0x0,76,15,6,0,8,3,3,0,0,0,1.0
20,0x0,0x0,76,15,6,0,8,3,3,0,0,0,1.0
21,0x0,0x0,76,15,6,0,8,3,3,0,0,0,1.0
22,0x0,0x0,76,15,6,0,8,3,3,0,0,0,1.0
23,0x0,0x0,76,15,6,0,8,3,3,0,0,0,1.0
24,0x0,0x0,76,15,6,0,8,3,3,0,0,0,1.0
25,0x0,0x0,76,15,6,0,8,3,3,0,0,0,1.0
26,0x0,0x0,76,15,6,0,8,3,3,0,0,0,1.0
27,0x0,0x0,76,15,6,0,8,3,3,0,0,0,1.0
28,0x0,0x0,76,15,6,0,8,3,3,0,0,0,1.0
29,0x0,0x0,76,15,6,0,8,3,3,0,0,0,1.0
30,0x0,0x0,76,15,6,0,8,3,3,0,0,0,1.0
31,0x0,0x0,76,15,6,0,8,3,3,0,0,0,1.0
32,0x402,0x0,82,15,3,0,8,3,3,0,0,0,1.0
33,0x0,0x0,83,15,3,0,8,3,3,0,0,0,1.0
34,0x0,0x0,84,15,3,0,8,3,3,0,0,0,1.0
35,0x0,0x0,87,15,3,0,8,3,3,0,0,0,1.0
36,0x402,0x0,88,15,7,0,8,2,3,0,0,0,1.0
37,0x0,0x0,10,50,5,0,8,2,3,0,0,0,1.0
38,0x0,0x0,25,159,5,0,8,13,3,0,0,0,1.0
39,0x0,0x0,17,165,5,0,8,13,3,0,0,0,1.0
40,0x0,0x0,31,232,5,0,8,13,3,0,0,0,1.0
41,0x0,0x0,6,0,2,0,8,0,3,0,0,0,1.0
42,0x1,0x0,7,0,2,0,8,2,3,0,0,0,1.0
43,0x0,0x0,88,42,7,0,8,2,3,0,0,0,1.0
44,0x0,0x0,17,165,5,0,8,0,3,0,0,0,1.0
45,0x1,0x3cf5c28f,8,45,2,0,8,2,21,0,0,0,1.0
46,0x0,0x0,82,45,3,0,8,3,21,0,0,0,1.0
47,0x0,0x0,8,50,5,0,8,2,21,0,0,0,1.0
48,0x402,0x0,9,48,2,0,8,4,6,0,0,0,1.0
49,0x402,0x0,88,282,4,0,8,0,6,0,0,0,1.0
50,0x403,0x0,10,50,2,0,8,2,6,0,0,0,1.0
51,0x100,0x0,98,232,5,0,0,0,23,0,0,0,1.0
52,0x100,0x0,97,50,3,0,0,0,23,0,0,0,1.0
53,0x0,0x0,61,50,3,0,8,3,6,0,0,0,1.0
54,0x0,0x0,61,50,3,0,8,3,6,0,0,0,1.0
55,0x0,0x0,61,50,3,0,8,3,6,0,0,0,1.0
56,0x0,0x0,61,50,3,0,8,3,6,0,0,0,1.0
57,0x0,0x0,71,50,3,0,8,0,6,0,0,0,1.0
58,0x0,0x0,71,50,3,0,8,0,6,0,0,0,1.0
59,0x0,0x0,71,50,3,0,8,0,6,0,0,0,1.0
60,0x0,0x0,71,50,3,0,8,0,6,0,0,0,1.0
61,0x0,0x0,73,50,3,0,8,1,6,0,0,0,1.0
62,0x0,0x0,73,50,3,0,8,3,6,0,0,0,1.0
63,0x0,0x0,74,50,3,0,8,1,6,0,0,0,1.0
64,0x0,0x0,76,50,6,0,8,3,6,0,0,0,1.0
65,0x0,0x0,76,50,6,0,8,3,6,0,0,0,1.0
66,0x0,0x0,76,50,6,0,8,3,6,0,0,0,1.0
67,0x0,0x0,76,50,6,0,8,3,6,0,0,0,1.0
68,0x0,0x0,76,50,6,0,8,3,6,0,0,0,1.0
69,0x0,0x0,76,50,6,0,8,3,6,0,0,0,1.0
70,0x0,0x0,76,50,6,0,8,3,6,0,0,0,1.0
71,0x0,0x0,76,50,6,0,8,3,6,0,0,0,1.0
72,0x0,0x0,76,50,6,0,8,3,6,0,0,0,1.0
73,0x0,0x0,76,50,6,0,8,3,6,0,0,0,1.0
74,0x0,0x0,76,50,6,0,8,3,6,0,0,0,1.0
75,0x0,0x0,76,50,6,0,8,3,6,0,0,0,1.0
76,0x0,0x0,76,50,6,0,8,3,6,0,0,0,1.0
77,0x0,0x0,76,50,6,0,8,3,6,0,0,0,1.0
78,0x0,0x0,76,50,6,0,8,3,6,0,0,0,1.0
79,0x0,0x0,76,50,6,0,8,3,6,0,0,0,1.0
80,0x0,0x0,76,50,6,0,8,3,6,0,0,0,1.0
81,0x0,0x0,76,50,6,0,8,3,6,0,0,0,1.0
82,0x0,0x0,76,50,6,0,8,3,6,0,0,0,1.0
83,0x0,0x0,76,50,6,0,8,3,6,0,0,0,1.0
84,0x2,0x0,11,50,3,0,8,0,6,0,0,0,1.0
85,0x0,0x0,11,50,3,0,8,0,6,0,0,0,1.0
86,0x0,0x0,11,50,3,0,8,0,6,0,0,0,1.0
87,0x0,0x0,11,50,3,0,8,0,6,0,0,0,1.0
88,0x0,0x0,81,50,3,0,8,0,6,0,0,0,1.0
89,0x2,0x0,82,50,3,0,8,8,6,0,0,0,1.0
90,0x0,0x0,82,50,3,0,8,8,3,0,0,0,1.0
91,0x0,0x0,87,50,3,0,8,3,6,0,0,0,1.0
92,0x2,0x0,88,50,4,0,8,3,6,0,0,0,1.0
93,0x0,0x0,90,50,3,0,8,2,8,0,0,0,1.0
94,0x0,0x0,91,50,3,0,8,2,8,0,0,0,1.0
95,0x0,0x0,93,50,3,0,8,2,8,0,0,0,1.0
96,0x0,0x0,94,50,3,0,8,2,8,0,0,0,1.0
97,0x0,0x0,4,14,5,0,8,2,20,0,0,0,1.0
98,0x0,0x0,5,15,5,0,8,2,6,0,0,0,1.0
99,0x0,0x0,8,45,5,0,8,2,21,0,0,0,1.0
100,0x0,0x0,12,119,5,0,8,2,14,0,0,0,1.0
101,0x0,0x0,13,122,5,0,8,2,14,0,0,0,1.0
102,0x0,0x0,15,126,5,0,8,2,6,0,0,0,1.0
103,0x0,0x0,17,165,5,0,8,1,3,0,0,0,1.0
104,0x0,0x0,69,244,5,0,8,1,6,0,0,0,1.0
105,0x0,0x0,29,218,5,0,8,3,26,0,0,0,1.0
106,0x0,0x0,83,15,5,0,8,2,11,0,0,0,1.0
107,0x0,0x0,85,165,5,0,0,1,11,0,0,0,1.0
108,0x0,0x0,84,15,5,0,8,2,11,0,0,0,1.0
109,0x0,0x0,86,165,5,0,0,1,11,0,0,0,1.0
110,0x0,0x0,30,220,5,0,8,1,21,0,0,0,1.0
111,0x0,0x0,31,232,5,0,8,1,22,0,0,0,1.0
112,0x0,0x0,32,238,5,0,8,1,6,0,0,0,1.0
113,0x6,0x0,33,244,5,0,8,1,6,0,0,0,1.0
114,0x0,0x0,36,282,5,0,8,1,6,0,0,0,1.0
115,0x0,0x0,37,329,5,0,8,1,6,0,0,0,1.0
116,0x6,0x0,38,344,5,0,8,1,6,0,0,0,1.0
117,0x0,0x0,41,356,5,0,8,1,6,0,0,0,1.0
118,0x0,0x0,42,358,5,0,8,1,6,0,0,0,1.0
119,0x1,0x0,12,119,2,0,8,2,14,0,0,0,1.0
120,0x0,0x0,88,119,3,0,8,2,14,0,0,0,1.0
121,0x0,0x0,10,50,5,0,8,2,6,0,0,0,1.0
122,0x1,0x0,13,122,2,0,8,2,14,0,0,0,1.0
123,0x0,0x0,88,122,3,0,8,2,14,0,0,0,1.0
124,0x0,0x0,10,50,5,0,8,2,6,0,0,0,1.0
125,0x407,0x0,14,125,2,0,8,5,6,0,0,0,1.0
126,0x1,0x3ca3d70a,15,126,2,0,8,2,19,0,0,0,1.0
127,0x0,0x0,10,50,5,0,8,2,6,0,0,0,1.0
128,0x0,0x0,64,191,8,0,8,0,0,0,0,0,1.0
129,0x1,0x0,64,191,8,0,8,0,0,0,0,0,1.0
130,0x1,0x0,112,0,2,0,8,2,6,0,0,0,1.0
131,0x1,0x0,113,0,2,0,8,2,6,0,0,0,1.0
132,0x1,0x0,114,0,2,0,8,2,6,0,0,0,1.0
133,0x1,0x0,115,0,2,0,8,2,6,0,0,0,1.0
134,0x1,0x0,116,0,2,0,8,2,6,0,0,0,1.0
135,0x11,0x0,16,135,2,0,8,1,5,0,0,0,1.0
136,0x80,0x0,99,50,5,0,0,3,5,0,0,0,1.0
137,0x200,0x0,100,50,5,0,0,3,5,0,0,0,1.0
138,0x0,0x0,63,135,3,0,8,1,5,0,0,0,1.0
139,0x0,0x0,63,135,3,0,8,1,5,0,0,0,1.5
140,0x10,0x0,19,145,5,0,8,3,5,0,0,0,1.5
141,0x10,0x0,20,148,5,0,8,3,5,0,0,0,1.5
142,0x100,0x0,21,151,5,0,0,3,5,0,0,0,1.5
143,0x100,0x0,22,154,5,0,0,3,5,0,0,0,1.0
144,0x10,0x0,26,171,5,0,8,1,5,0,0,0,1.0
145,0x11,0x0,19,145,2,0,8,2,5,0,0,0,1.0
146,0x10,0x0,88,145,3,0,8,6,5,0,0,0,1.0
147,0x10,0x0,16,135,5,0,8,1,5,0,0,0,1.0
148,0x11,0x0,20,148,2,0,8,2,5,0,0,0,1.0
149,0x10,0x0,88,148,3,0,8,6,5,0,0,0,1.0
150,0x10,0x0,16,135,5,0,8,1,5,0,0,0,1.0
151,0x1,0x0,21,151,2,0,8,2,5,0,0,0,1.0
152,0x0,0x0,76,135,6,0,8,1,5,0,0,0,1.0
153,0x100,0x0,16,135,5,0,0,1,5,0,0,0,1.0
154,0x1,0x0,22,154,2,0,8,2,5,0,0,0,1.0
155,0x0,0x0,76,135,6,0,8,1,5,0,0,0,1.0
156,0x100,0x0,16,135,5,0,0,1,5,0,0,0,1.0
157,0x100,0x0,98,220,5,0,0,0,21,0,0,0,1.0
158,0x0,0x0,30,220,5,0,8,0,21,0,0,0,1.0
159,0x407,0x0,25,159,2,0,8,1,3,0,0,0,1.0
160,0x0,0x0,5,15,5,0,8,3,3,0,0,0,1.0
161,0x0,0x0,10,50,5,0,8,3,3,0,0,0,1.0
162,0x0,0x0,17,165,5,0,8,1,3,0,0,0,1.0
163,0x0,0x0,33,244,5,0,8,1,3,0,0,0,1.0
164,0x0,0x0,36,282,5,0,8,1,3,0,0,0,1.0
165,0x1,0x0,17,165,2,0,8,1,3,0,0,0,1.0
166,0x0,0x0,18,165,3,0,8,1,3,0,0,0,1.0
167,0x0,0x0,5,15,5,0,8,3,3,0,0,0,1.0
168,0x0,0x0,7,42,5,0,8,3,3,0,0,0,1.0
169,0x0,0x0,10,50,5,0,8,3,3,0,0,0,1.0
170,0x0,0x0,25,159,5,0,8,1,0,0,0,0,1.0
171,0x11,0x0,26,171,2,0,8,1,7,0,0,0,1.0
172,0x80,0x0,99,50,5,0,0,3,6,0,0,0,1.0
173,0x200,0x0,100,50,5,0,0,3,6,0,0,0,1.0
174,0x10,0x0,16,135,5,0,8,1,7,0,0,0,1.5
175,0x10,0x0,23,179,5,0,8,3,7,0,0,0,1.5
176,0x10,0x0,24,182,5,0,8,3,7,0,0,0,1.5
177,0x100,0x0,27,185,5,0,0,3,7,0,0,0,1.5
178,0x100,0x0,28,188,5,0,0,3,7,0,0,0,1.0
179,0x11,0x0,23,179,2,0,8,2,7,0,0,0,1.0
180,0x10,0x0,88,179,3,0,8,6,7,0,0,0,1.0
181,0x10,0x0,26,171,5,0,8,1,7,0,0,0,1.0
182,0x11,0x0,24,182,2,0,8,2,7,0,0,0,1.0
183,0x10,0x0,88,179,3,0,8,6,7,0,0,0,1.0
184,0x10,0x0,26,171,5,0,8,1,7,0,0,0,1.0
185,0x1,0x0,27,185,2,0,8,2,7,0,0,0,1.0
186,0x0,0x0,88,185,3,0,8,6,7,0,0,0,1.0
187,0x100,0x0,26,171,5,0,0,1,7,0,0,0,1.0
188,0x1,0x0,28,188,2,0,8,2,7,0,0,0,1.0
189,0x0,0x0,88,188,3,0,8,6,7,0,0,0,1.0
190,0x100,0x0,26,171,5,0,0,1,7,0,0,0,1.0
191,0x6,0x0,1,191,9,0,8,0,1,0,0,0,1.0
192,0x0,0x0,64,191,8,0,8,0,1,0,0,0,1.0
193,0x0,0x0,64,191,8,0,8,0,1,0,0,0,1.0
194,0x0,0x0,64,191,8,0,8,0,1,0,0,0,1.0
195,0x0,0x0,64,191,8,0,8,0,1,0,0,0,1.0
196,0x0,0x0,64,191,8,0,8,0,1,0,0,0,1.0
197,0x0,0x0,64,191,8,0,8,0,1,0,0,0,1.0
198,0x0,0x0,64,191,8,0,8,0,1,0,0,0,1.0
199,0x0,0x0,64,191,8,0,8,0,1,0,0,0,1.0
200,0x0,0x0,64,191,8,0,8,0,1,0,0,0,1.0
201,0x0,0x0,64,191,8,0,8,0,1,0,0,0,1.0
202,0x0,0x0,64,191,8,0,8,0,1,0,0,0,1.0
203,0x0,0x0,64,191,8,0,8,0,1,0,0,0,1.0
204,0x0,0x0,64,191,8,0,8,0,1,0,0,0,1.0
205,0x0,0x0,64,191,8,0,8,0,1,0,0,0,1.0
206,0x0,0x0,64,191,8,0,8,0,1,0,0,0,1.0
207,0x0,0x0,64,191,8,0,8,0,1,0,0,0,1.0
208,0x0,0x0,64,191,8,0,8,0,1,0,0,0,1.0
209,0x0,0x0,64,191,8,0,8,0,1,0,0,0,1.0
210,0x0,0x0,64,191,8,0,8,0,1,0,0,0,1.0
211,0x0,0x0,64,191,8,0,8,0,1,0,0,0,1.0
212,0x0,0x0,64,191,8,0,8,0,1,0,0,0,1.0
213,0x0,0x0,64,191,8,0,8,0,1,0,0,0,1.0
214,0x0,0x0,64,191,8,0,8,0,1,0,0,0,1.0
215,0x0,0x0,64,191,8,0,8,0,1,0,0,0,1.0
216,0x0,0x0,64,191,8,0,8,0,1,0,0,0,1.0
217,0x0,0x0,64,191,8,0,8,0,1,0,0,0,1.0
218,0x1,0x0,29,0,2,0,8,2,26,0,0,0,1.0
219,0x0,0x0,10,50,5,0,8,3,6,0,0,0,1.0
220,0x5,0x3d23d70a,30,220,2,0,8,1,21,0,0,0,1.0
221,0x0,0x3d23d70a,73,220,7,0,0,10,21,0,0,0,1.0
222,0x100,0x0,76,220,3,0,8,1,21,0,0,0,1.0
223,0x0,0x0,88,220,4,0,8,2,0,0,0,0,1.0
224,0x0,0x0,5,15,7,0,8,3,21,0,0,0,1.0
225,0x0,0x0,5,15,7,0,8,3,21,0,0,0,1.0
226,0x0,0x0,10,50,7,0,8,3,21,0,0,0,1.0
227,0x0,0x0,10,50,7,0,8,3,21,0,0,0,1.0
228,0x0,0x0,33,244,5,0,8,1,21,0,0,0,1.0
229,0x0,0x0,36,282,5,0,8,1,21,0,0,0,1.0
230,0x0,0x3ca3d70a,53,382,5,0,8,1,21,0,0,0,1.0
231,0x0,0x0,53,382,5,0,8,1,21,0,0,0,1.0
232,0x5,0x3d75c28f,31,232,2,0,8,1,22,0,0,0,1.0
233,0x0,0x3d75c28f,73,232,3,0,8,1,22,0,0,0,1.0
234,0x0,0x0,88,232,4,0,8,1,0,0,0,0,1.0
235,0x0,0x0,5,15,7,0,8,3,22,0,0,0,1.0
236,0x0,0x0,10,50,7,0,8,3,22,0,0,0,1.0
237,0x4,0x3ca3d70a,53,382,7,0,8,1,22,0,0,0,1.0
238,0x1,0x0,32,238,2,0,8,0,6,0,0,0,1.0
239,0x0,0x0,10,50,5,0,8,1,6,0,0,0,1.0
240,0x0,0x0,43,360,5,0,8,1,6,0,0,0,1.0
241,0x0,0x0,44,362,5,0,8,1,6,0,0,0,1.0
242,0x0,0x0,45,364,5,0,8,1,6,0,0,0,1.0
243,0x0,0x0,46,366,5,0,8,1,6,0,0,0,1.0
244,0x407,0x0,33,244,2,0,0,0,6,0,0,0,1.0
245,0x100,0x0,96,244,3,0,0,0,6,0,0,0,1.0
246,0x100,0x0,60,282,7,0,8,12,6,0,0,0,1.0
247,0x0,0x0,76,50,6,0,8,3,6,0,0,0,1.0
248,0x0,0x0,76,50,6,0,8,3,6,0,0,0,1.0
249,0x0,0x0,76,50,6,0,8,3,6,0,0,0,1.0
250,0x0,0x0,76,50,6,0,8,3,6,0,0,0,1.0
251,0x0,0x0,76,50,6,0,8,3,6,0,0,0,1.0
252,0x0,0x0,76,50,6,0,8,3,6,0,0,0,1.0
253,0x0,0x0,76,50,6,0,8,3,6,0,0,0,1.0
254,0x0,0x0,76,50,6,0,8,3,6,0,0,0,1.0
255,0x0,0x0,76,50,6,0,8,3,6,0,0,0,1.0
256,0x0,0x0,76,50,6,0,8,3,6,0,0,0,1.0
257,0x0,0x0,76,50,6,0,8,3,6,0,0,0,1.0
258,0x0,0x0,76,50,6,0,8,3,6,0,0,0,1.0
259,0x0,0x0,76,50,6,0,8,3,6,0,0,0,1.0
260,0x0,0x0,76,50,6,0,8,3,6,0,0,0,1.0
261,0x0,0x0,76,50,6,0,8,3,6,0,0,0,1.0
262,0x0,0x0,76,50,6,0,8,3,6,0,0,0,1.0
263,0x0,0x0,76,50,6,0,8,3,6,0,0,0,1.0
264,0x0,0x0,76,15,6,0,8,3,6,0,0,0,1.0
265,0x6,0x0,34,244,3,0,8,0,6,0,0,0,1.0
266,0x0,0x0,34,244,3,0,8,0,6,0,0,0,1.0
267,0x0,0x0,34,244,3,0,8,0,6,0,0,0,1.0
268,0x0,0x0,34,244,3,0,8,0,6,0,0,0,1.0
269,0x0,0x0,0,0,0,0,8,0,0,0,0,0,1.0
270,0x0,0x0,0,0,0,0,8,0,0,0,0,0,1.0
271,0x0,0x0,89,244,6,0,8,0,6,0,0,0,1.0
272,0x402,0x0,10,50,7,0,8,3,6,0,0,0,1.0
273,0x0,0x0,25,159,5,0,8,13,6,0,0,0,1.0
274,0x0,0x0,78,50,7,0,8,3,6,0,0,0,1.0
275,0x80,0x0,99,50,7,0,8,3,6,0,0,0,1.0
276,0x200,0x0,100,50,7,0,8,3,6,0,0,0,1.0
277,0x0,0x0,30,220,5,0,8,1,21,0,0,0,1.0
278,0x6,0x0,36,282,5,0,8,1,6,0,0,0,1.0
279,0x0,0x0,53,382,5,0,8,1,19,0,0,0,1.0
280,0x1,0x0,35,0,2,0,8,0,6,0,0,0,1.0
281,0x0,0x0,52,380,5,0,8,0,19,0,0,0,1.0
282,0x407,0x0,36,282,2,0,0,1,6,0,0,0,1.0
283,0x102,0x0,97,50,7,0,8,3,23,0,0,0,1.0
284,0x0,0x0,71,50,3,0,8,1,6,0,0,0,1.0
285,0x0,0x0,71,50,3,0,8,1,6,0,0,0,1.0
286,0x0,0x0,71,50,3,0,8,1,6,0,0,0,1.0
287,0x0,0x0,71,50,3,0,8,1,6,0,0,0,1.0
288,0x0,0x0,72,282,6,0,8,1,6,0,0,0,1.0
289,0x6,0x0,75,282,3,0,8,1,6,0,0,0,1.0
290,0x6,0x0,75,282,3,0,8,1,6,0,0,0,1.0
291,0x6,0x0,75,282,3,0,8,1,6,0,0,0,1.0
292,0x0,0x0,75,282,3,0,8,1,6,0,0,0,1.0
293,0x0,0x0,75,282,3,0,8,1,6,0,0,0,1.0
294,0x0,0x0,76,50,6,0,8,3,6,0,0,0,1.0
295,0x0,0x0,76,50,6,0,8,3,6,0,0,0,1.0
296,0x0,0x0,76,50,6,0,8,3,6,0,0,0,1.0
297,0x0,0x0,76,50,6,0,8,3,6,0,0,0,1.0
298,0x0,0x0,76,50,6,0,8,3,6,0,0,0,1.0
299,0x0,0x0,76,50,6,0,8,3,6,0,0,0,1.0
300,0x0,0x0,76,50,6,0,8,3,6,0,0,0,1.0
301,0x0,0x0,76,50,6,0,8,3,6,0,0,0,1.0
302,0x0,0x0,76,50,6,0,8,3,6,0,0,0,1.0
303,0x0,0x0,76,50,6,0,8,3,6,0,0,0,1.0
304,0x0,0x0,76,50,6,0,8,3,6,0,0,0,1.0
305,0x0,0x0,76,50,6,0,8,3,6,0,0,0,1.0
306,0x0,0x0,76,50,6,0,8,3,6,0,0,0,1.0
307,0x0,0x0,76,50,6,0,8,3,6,0,0,0,1.0
308,0x0,0x0,76,50,6,0,8,3,6,0,0,0,1.0
309,0x0,0x0,76,50,6,0,8,3,6,0,0,0,1.0
310,0x0,0x0,76,50,6,0,8,3,6,0,0,0,1.0
311,0x0,0x0,76,15,6,0,8,3,6,0,0,0,1.0
312,0x6,0x0,40,282,3,0,8,1,6,0,0,0,1.0
313,0x6,0x0,40,282,3,0,8,1,6,0,0,0,1.0
314,0x6,0x0,40,282,3,0,8,1,6,0,0,0,1.0
315,0x6,0x0,40,282,3,0,8,1,6,0,0,0,1.0
316,0x0,0x0,95,282,3,0,8,1,6,0,0,0,1.0
317,0x0,0x0,5,15,7,0,8,3,3,0,0,0,1.0
318,0x2,0x0,10,50,7,0,8,3,6,0,0,0,1.0
319,0x0,0x0,25,159,5,0,8,1,3,0,0,0,1.0
320,0x2,0x0,70,50,7,0,0,3,6,0,0,0,1.0
321,0x100,0x0,92,372,7,0,0,13,6,0,0,0,1.0
322,0x100,0x0,92,372,7,0,8,13,6,0,0,0,1.0
323,0x0,0x0,30,220,5,0,8,1,21,0,0,0,1.0
324,0x6,0x0,33,244,5,0,8,1,6,0,0,0,1.0
325,0x6,0x0,37,329,5,0,8,1,6,0,0,0,1.0
326,0x6,0x0,38,344,5,0,8,1,6,0,0,0,1.0
327,0x6,0x0,39,354,5,0,8,1,0,0,0,0,1.0
328,0x2,0x0,55,392,5,0,8,1,6,0,0,0,1.0
329,0x407,0x0,37,329,2,0,8,1,6,0,0,0,1.0
330,0x6,0x0,75,329,3,0,8,1,6,0,0,0,1.0
331,0x6,0x0,75,329,3,0,8,1,6,0,0,0,1.0
332,0x6,0x0,75,329,3,0,8,1,6,0,0,0,1.0
333,0x6,0x0,75,329,3,0,8,1,6,0,0,0,1.0
334,0x6,0x0,75,329,3,0,8,1,6,0,0,0,1.0
335,0x0,0x0,40,329,3,0,8,13,6,0,0,0,1.0
336,0x0,0x0,40,329,3,0,8,13,6,0,0,0,1.0
337,0x0,0x0,40,329,3,0,8,13,6,0,0,0,1.0
338,0x0,0x0,40,329,3,0,8,13,6,0,0,0,1.0
339,0x0,0x0,95,329,3,0,8,1,6,0,0,0,1.0
340,0x0,0x0,10,50,7,0,8,3,6,0,0,0,1.0
341,0x6,0x0,36,282,5,0,8,1,6,0,0,0,1.0
342,0x6,0x0,38,344,5,0,8,1,6,0,0,0,1.0
343,0x0,0x0,56,402,5,0,8,1,19,0,0,0,1.0
344,0x407,0x0,38,344,2,0,8,1,6,0,0,0,1.0
345,0x0,0x0,40,344,3,0,8,13,6,0,0,0,1.0
346,0x0,0x0,40,344,3,0,8,13,6,0,0,0,1.0
347,0x0,0x0,40,344,3,0,8,13,6,0,0,0,1.0
348,0x0,0x0,40,344,3,0,8,13,6,0,0,0,1.0
349,0x0,0x0,95,344,3,0,8,1,6,0,0,0,1.0
350,0x0,0x0,64,191,8,0,8,1,1,0,0,0,1.0
351,0x6,0x0,36,282,5,0,8,1,6,0,0,0,1.0
352,0x0,0x0,37,329,5,0,8,1,6,0,0,0,1.0
353,0x0,0x0,57,404,5,0,8,1,19,0,0,0,1.0
354,0x407,0x0,39,354,2,0,8,1,6,0,0,0,1.0
355,0x6,0x0,36,282,5,0,8,1,6,0,0,0,1.0
356,0x1,0x0,41,356,2,0,8,1,6,0,0,0,1.0
357,0x0,0x0,10,50,5,0,8,3,6,0,0,0,1.0
358,0x1,0x0,42,358,2,0,8,1,6,0,0,0,1.0
359,0x0,0x0,10,50,5,0,8,3,6,0,0,0,1.0
360,0x1,0x0,43,360,2,0,8,0,6,0,0,0,1.0
361,0x0,0x0,118,50,5,0,8,0,6,0,0,0,1.0
362,0x1,0x0,44,362,2,0,8,0,6,0,0,0,1.0
363,0x0,0x0,118,50,5,0,8,0,6,0,0,0,1.0
364,0x1,0x0,45,364,2,0,8,0,6,0,0,0,1.0
365,0x0,0x0,118,50,5,0,8,0,6,0,0,0,1.0
366,0x1,0x0,46,366,2,0,8,0,6,0,0,0,1.0
367,0x0,0x0,118,50,5,0,8,0,6,0,0,0,1.0
368,0x7,0x0,47,368,2,0,8,0,6,0,0,0,1.0
369,0x0,0x0,118,244,5,0,8,0,6,0,0,0,1.0
370,0x1,0x0,48,370,2,0,8,0,6,0,0,0,1.0
371,0x0,0x0,118,244,5,0,8,0,6,0,0,0,1.0
372,0x7,0x0,51,372,2,0,8,0,6,0,0,0,1.0
373,0x2,0x0,10,50,7,0,8,3,6,0,0,0,1.0
374,0x0,0x0,64,191,8,0,8,0,1,0,0,0,1.0
375,0x0,0x0,64,191,8,0,8,0,1,0,0,0,1.0
376,0x1,0x0,49,376,2,0,8,0,6,0,0,0,1.0
377,0x0,0x0,47,368,5,0,8,0,6,0,0,0,1.0
378,0x1,0x0,50,378,2,0,8,0,6,0,0,0,1.0
379,0x0,0x0,48,370,5,0,8,0,6,0,0,0,1.0
380,0x5,0x3ca3d70a,52,380,2,0,8,1,19,0,0,0,1.0
381,0x0,0x0,35,280,5,0,8,0,6,0,0,0,1.0
382,0x5,0x3ca3d70a,53,382,2,0,0,1,19,0,0,0,1.0
383,0x100,0x0,96,382,3,0,0,0,0,0,0,0,1.0
384,0x100,0x0,97,50,7,0,0,3,23,0,0,0,1.0
385,0x100,0x0,98,232,5,0,8,1,23,0,0,0,1.0
386,0x0,0x0,73,382,7,0,8,10,19,0,0,0,1.0
387,0x4,0x0,54,382,3,0,8,1,19,0,0,0,1.0
388,0x0,0x0,5,15,7,0,8,3,19,0,0,0,1.0
389,0x0,0x0,10,50,7,0,8,3,19,0,0,0,1.0
390,0x6,0x3ca3d70a,30,220,5,0,8,1,19,0,0,0,1.0
391,0x6,0x3ca3d70a,31,232,5,0,8,1,19,0,0,0,1.0
392,0x5,0x3ca3d70a,55,392,2,0,0,1,19,0,0,0,1.0
393,0x100,0x0,97,50,7,0,8,3,19,0,0,0,1.0
394,0x0,0x0,96,0,5,0,8,0,6,0,0,0,1.0
395,0x4,0x0,58,392,3,0,8,1,19,0,0,0,1.0
396,0x0,0x0,58,392,3,0,8,1,19,0,0,0,1.0
397,0x0,0x0,58,392,3,0,8,1,19,0,0,0,1.0
398,0x0,0x0,58,392,3,0,8,1,19,0,0,0,1.0
399,0x0,0x0,10,50,7,0,8,3,19,0,0,0,1.0
400,0x0,0x0,62,244,5,0,8,0,6,0,0,0,1.0
401,0x0,0x0,36,282,5,0,8,1,19,0,0,0,1.0
402,0x1,0x0,56,402,2,0,8,1,19,0,0,0,1.0
403,0x0,0x0,37,329,5,0,8,1,19,0,0,0,1.0
404,0x1,0x0,57,404,2,0,8,1,19,0,0,0,1.0
405,0x0,0x0,38,344,5,0,8,1,19,0,0,0,1.0
406,0x1,0x0,59,406,2,0,8,1,19,0,0,0,1.0
407,0x1,0x0,101,407,7,0,8,2,6,0,0,0,1.0
408,0x0,0x0,88,407,4,0,8,2,6,0,0,0,1.0
409,0x0,0xbd23d70a,102,410,5,0,8,1,0,0,0,0,1.1
410,0x0,0xbd23d70a,107,421,5,0,8,2,6,0,0,0,1.1
411,0x0,0x0,0,421,5,0,8,2,6,0,0,0,1.0
412,0x1,0x3d23d70a,103,412,2,0,8,2,21,0,0,0,1.1
413,0x0,0x3d23d70a,103,412,3,0,8,2,21,0,0,0,1.1
414,0x0,0x0,106,420,5,0,8,1,0,0,0,0,1.1
415,0x0,0x0,106,414,3,0,8,1,0,0,0,0,1.1
416,0x0,0x0,64,191,8,0,8,1,1,0,0,0,1.0
417,0x0,0x0,64,191,8,0,8,1,1,0,0,0,1.0
418,0x0,0x0,64,191,8,0,8,1,1,0,0,0,1.0
419,0x0,0x0,64,191,8,0,8,1,1,0,0,0,1.0
420,0x0,0x0,107,421,5,0,8,1,6,0,0,0,1.1
421,0x1,0x0,107,421,2,0,8,2,6,0,0,0,1.0
422,0x0,0x0,104,421,3,0,8,2,6,0,0,0,1.1
423,0x0,0x0,104,421,3,0,8,2,6,0,0,0,1.1
424,0x0,0x0,105,421,3,0,8,2,6,0,0,0,1.1
425,0x0,0x0,105,421,3,0,8,2,6,0,0,0,1.1
426,0x0,0x0,109,421,5,0,8,1,6,0,0,0,1.1
427,0x0,0xbd23d70a,102,409,5,0,8,2,0,0,0,0,1.1
428,0x0,0xbd23d70a,102,409,5,0,8,2,0,0,0,0,1.1
429,0x0,0x0,64,191,8,0,8,1,1,0,0,0,1.0
430,0x0,0x0,64,191,8,0,8,1,1,0,0,0,1.0
431,0x0,0x0,106,420,5,0,8,2,0,0,0,0,1.1
432,0x1,0x3cf5c28f,108,432,2,0,8,2,21,0,0,0,1.1
433,0x0,0x3cf5c28f,108,432,2,0,8,2,21,0,0,0,1.1
434,0x1,0x3ca3d70a,110,434,2,0,8,2,19,0,0,0,1.1
435,0x0,0x3ca3d70a,110,434,2,0,8,2,19,0,0,0,1.1
