prop,prop_hex,word,shift,maskIndex,mask,width_bits
0,0x0,0,0,0,0x1,1
1,0x1,0,1,1,0x2,1
2,0x2,0,2,2,0x4,1
3,0x3,0,3,3,0x8,1
4,0x4,0,4,4,0x10,1
5,0x5,0,5,5,0x20,1
6,0x6,0,6,6,0x40,1
7,0x7,0,7,7,0x80,1
8,0x8,0,8,8,0x100,1
9,0x9,0,9,9,0x200,1
10,0xa,0,10,10,0x400,1
11,0xb,0,11,11,0x800,1
12,0xc,0,12,12,0x1000,1
13,0xd,0,13,13,0x2000,1
14,0xe,0,14,14,0x4000,1
15,0xf,0,15,15,0x8000,1
16,0x10,0,16,16,0x10000,1
17,0x11,0,17,17,0x20000,1
18,0x12,0,18,18,0x40000,1
19,0x13,0,19,19,0x80000,1
20,0x14,0,20,20,0x100000,1
21,0x15,0,21,21,0x200000,1
22,0x16,0,22,22,0x400000,1
23,0x17,0,23,23,0x800000,1
24,0x18,0,24,24,0x1000000,1
25,0x19,0,25,25,0x2000000,1
26,0x1a,0,26,26,0x4000000,1
27,0x1b,0,27,27,0x8000000,1
28,0x1c,0,28,28,0x10000000,1
29,0x1d,0,29,29,0x20000000,1
30,0x1e,0,30,30,0x40000000,1
31,0x1f,0,31,31,0x80000000,1
32,0x20,1,0,32,0x3,2
33,0x21,1,2,2,0x4,1
34,0x22,1,3,3,0x8,1
35,0x23,1,4,4,0x10,1
36,0x24,1,5,5,0x20,1
37,0x25,1,6,6,0x40,1
38,0x26,1,7,7,0x80,1
39,0x27,1,8,8,0x100,1
40,0x28,1,9,9,0x200,1
41,0x29,1,10,10,0x400,1
42,0x2a,1,11,11,0x800,1
43,0x2b,1,12,12,0x1000,1
44,0x2c,1,13,13,0x2000,1
45,0x2d,1,14,14,0x4000,1
46,0x2e,1,15,15,0x8000,1
47,0x2f,1,16,16,0x10000,1
48,0x30,1,17,33,0xe0000,3
49,0x31,1,20,20,0x100000,1
50,0x32,1,21,21,0x200000,1
51,0x33,1,22,22,0x400000,1
52,0x34,1,23,23,0x800000,1
53,0x35,1,24,24,0x1000000,1
54,0x36,1,25,25,0x2000000,1
55,0x37,1,26,26,0x4000000,1
56,0x38,1,27,27,0x8000000,1
57,0x39,1,28,28,0x10000000,1
58,0x3a,1,29,29,0x20000000,1
59,0x3b,1,30,30,0x40000000,1
60,0x3c,1,31,31,0x80000000,1
61,0x3d,2,0,0,0x1,1
62,0x3e,2,1,1,0x2,1
63,0x3f,2,2,2,0x4,1
64,0x40,2,3,3,0x8,1
65,0x41,2,4,4,0x10,1
66,0x42,2,5,5,0x20,1
67,0x43,2,6,6,0x40,1
68,0x44,2,7,34,0x180,2
69,0x45,2,9,9,0x200,1
70,0x46,2,10,10,0x400,1
71,0x47,2,11,11,0x800,1
72,0x48,2,12,12,0x1000,1
73,0x49,2,13,13,0x2000,1
74,0x4a,2,14,14,0x4000,1
75,0x4b,2,15,15,0x8000,1
76,0x4c,2,16,16,0x10000,1
77,0x4d,2,17,17,0x20000,1
78,0x4e,2,18,18,0x40000,1
79,0x4f,2,19,19,0x80000,1
80,0x50,2,20,20,0x100000,1
81,0x51,2,21,21,0x200000,1
82,0x52,2,22,22,0x400000,1
83,0x53,2,23,23,0x800000,1
84,0x54,2,24,24,0x1000000,1
85,0x55,2,25,25,0x2000000,1
86,0x56,2,26,26,0x4000000,1
87,0x57,2,27,27,0x8000000,1
88,0x58,2,28,28,0x10000000,1
89,0x59,2,29,29,0x20000000,1
90,0x5a,2,30,30,0x40000000,1
