mode,dtype_b0,civilianClass_b1,alertness_f4,init_fn,init_name
0,0,1,0.0,0x408a0,NDrone2_init_DMODE_Defaults
1,1,1,0.0,0x408a0,NDrone2_init_DMODE_Defaults
2,1,1,1.0,0x408a0,NDrone2_init_DMODE_Defaults
3,2,1,0.0,0x408b0,FUN_000408b0
4,1,1,0.0,0x40960,FUN_00040960
5,6,1,0.0,0x408a0,NDrone2_init_DMODE_Defaults
6,7,1,1.0,0x40980,FUN_00040980
7,3,1,0.0,0x408a0,NDrone2_init_DMODE_Defaults
8,4,1,0.0,0x409b0,FUN_000409b0
9,5,3,0.0,0x40a80,NDrone2_init_DMODE_HostageTied
10,5,3,0.0,0x40a80,NDrone2_init_DMODE_HostageTied
11,8,3,0.0,0x40ae0,FUN_00040ae0
12,21,1,0.0,0xe0ec0,__profiling_or_debugging_hook_point
13,9,3,0.0,0x40b00,NDrone2_init_DMODE_Civilian
14,10,3,1.0,0x40c10,FUN_00040c10
15,11,1,0.0,0x40ce0,NDrone2_init_DMODE_MissionFailer
16,12,2,0.0,0x40d10,FUN_00040d10
17,13,1,0.0,0xe0ec0,__profiling_or_debugging_hook_point
18,14,1,1.0,0x40d30,FUN_00040d30
19,15,1,0.0,0x40d60,FUN_00040d60
20,16,1,0.0,0x40d80,FUN_00040d80
21,17,2,0.0,0x40da0,FUN_00040da0
22,18,3,0.0,0x40dd0,FUN_00040dd0
23,19,3,0.0,0x40e80,FUN_00040e80
24,20,1,0.0,0x408a0,NDrone2_init_DMODE_Defaults
25,22,3,0.0,0x40f50,NDrone2_init_DMODE_CivDoorGuard
26,23,3,0.0,0x40d10,FUN_00040d10
27,24,1,0.0,0x41030,NDrone2_init_DMODE_CastleChatGuard1
28,24,1,0.0,0x41050,NDrone2_init_DMODE_CastleChatGuard2
29,25,1,1.0,0x41080,NDrone2_init_DMODE_SniperAlert
30,18,3,0.0,0x41120,NDrone2_init_DMODE_PartyGirlLooker
31,2,1,0.0,0x0,
32,26,3,0.0,0x0,
33,30,2,0.0,0xe0ec0,__profiling_or_debugging_hook_point
34,8,3,0.0,0x0,
35,0,0,9.183409485952689e-41,0x0,
