dtype,initState,alertState,init_fn,init_name,control_fn,control_name
0,-1,0,0x0,,0x0,
1,6,0,0x0,,0x0,
2,41,42,0x411f0,FUN_000411f0,0x0,
3,-1,0,0x0,,0x0,
4,8,0,0x0,,0x0,
5,10,10,0x0,,0x0,
6,86,0,0x0,,0x0,
7,133,133,0x0,,0x0,
8,183,183,0x0,,0x0,
9,16,18,0x0,,0x0,
10,18,18,0x0,,0x0,
11,-1,181,0x0,,0x0,
12,28,28,0x0,,0x0,
13,166,167,0x0,,0x3f910,
14,137,137,0x0,,0x0,
15,0,0,0x0,,0x0,
16,55,86,0x0,,0x0,
17,4,0,0x0,,0x3f8a0,
18,46,0,0x0,,0x0,
19,48,102,0x0,,0x0,
20,-1,0,0x0,,0x0,
21,180,180,0x0,,0x0,
22,49,0,0x0,,0x0,
23,50,18,0x0,,0x0,
24,54,0,0x0,,0x0,
25,42,0,0x41200,NDrone2_initDTYPE_SniperAlert,0x0,
26,-1,0,0x0,,0x0,
27,142,0,0x0,,0x0,
28,142,0,0x0,,0x0,
29,189,0,0x0,,0x3f930,
30,195,0,0xe0ec0,__profiling_or_debugging_hook_point,0x0,
31,196,0,0x0,,0x0,
32,197,0,0x0,,0x0,
33,198,0,0x0,,0x0,
34,199,0,0x0,,0x0,
35,200,0,0x0,,0x0,
36,201,0,0x0,,0x0,
37,202,0,0x0,,0x0,
38,203,0,0x0,,0x0,
39,204,0,0x0,,0x0,
40,205,0,0x0,,0x0,
41,206,0,0x0,,0x0,
42,207,0,0x0,,0x0,
43,208,0,0x0,,0x0,
44,209,0,0x0,,0x0,
45,210,0,0x0,,0x0,
46,211,0,0x0,,0x0,
47,212,0,0x0,,0x0,
48,213,0,0x0,,0x0,
49,214,0,0x0,,0x0,
50,215,0,0x0,,0x0,
51,216,0,0x0,,0x0,
52,217,0,0x0,,0x0,
53,218,0,0x0,,0x0,
54,219,0,0x0,,0x0,
55,220,0,0x0,,0x0,
56,221,0,0x0,,0x0,
57,222,0,0x0,,0x0,
58,223,0,0x0,,0x0,
59,224,0,0x0,,0x0,
60,225,0,0x0,,0x0,
61,226,0,0x0,,0x0,
62,227,0,0x0,,0x0,
63,228,0,0x0,,0x0,
64,229,0,0x0,,0x0,
65,230,0,0x0,,0x0,
66,231,0,0x0,,0x0,
67,232,0,0x0,,0x0,
68,233,0,0x0,,0x0,
69,234,0,0x0,,0x0,
70,235,0,0x0,,0x0,
71,236,0,0x0,,0x0,
72,237,0,0x0,,0x0,
73,238,0,0x0,,0x0,
74,239,0,0x0,,0x0,
75,240,0,0x0,,0x0,
76,241,0,0x0,,0x0,
77,242,0,0x0,,0x0,
78,243,0,0x0,,0x0,
79,244,0,0x0,,0x0,
80,245,0,0x0,,0x0,
81,246,0,0x0,,0x0,
82,247,0,0x0,,0x0,
83,248,0,0x0,,0x0,
84,249,0,0x0,,0x0,
