index,u0,facialAnimHash,i8,i12,f16,f20,f24,pitchMin,pitchMax
0,0x0,0x0,0,30,100.0,15.0,10.0,0,0
1,0x8b,0x0,0,30,100.0,15.0,10.0,0,0
2,0x3b5,0x0,0,30,100.0,15.0,10.0,0,0
3,0x8b,0x0,0,30,100.0,15.0,10.0,0,0
4,0x8b,0x0,0,30,100.0,15.0,10.0,0,0
5,0x8b,0x0,0,30,100.0,15.0,10.0,0,0
6,0x8b,0x0,0,30,100.0,15.0,10.0,0,0
7,0x254,0x0,0,30,100.0,15.0,10.0,0,0
8,0x2ec,0x0,0,30,100.0,15.0,10.0,0,0
9,0x245,0x0,0,0,100.0,15.0,10.0,0,0
10,0x245,0x0,0,0,100.0,15.0,10.0,0,0
11,0x3b1,0x0,0,0,100.0,15.0,10.0,0,0
12,0x3b1,0x0,0,0,100.0,15.0,10.0,0,0
13,0x1d2,0x0,0,0,100.0,15.0,10.0,0,0
14,0x3b7,0x0,0,0,100.0,15.0,10.0,0,0
15,0x39d,0x0,0,0,100.0,15.0,10.0,0,0
16,0x3b6,0x0,0,0,100.0,15.0,10.0,0,0
17,0x39d,0x0,0,0,100.0,15.0,10.0,0,0
18,0x39d,0x0,0,0,100.0,15.0,10.0,0,0
19,0x8a,0x0,0,0,100.0,15.0,10.0,0,0
20,0x39d,0x0,0,0,100.0,15.0,10.0,0,0
21,0x254,0x0,0,0,100.0,15.0,10.0,0,0
22,0x3b2,0x0,0,0,100.0,15.0,10.0,0,0
23,0x472,0x0,0,0,100.0,15.0,10.0,0,0
24,0x472,0x0,0,0,100.0,15.0,10.0,0,0
25,0x472,0x0,0,0,100.0,15.0,10.0,0,0
26,0x472,0x0,0,0,100.0,15.0,10.0,0,0
27,0x1d1,0x0,0,0,100.0,15.0,10.0,0,0
28,0x472,0x0,0,0,100.0,15.0,10.0,0,0
29,0x39d,0x0,0,30,100.0,15.0,10.0,0,0
30,0x8a,0x0,0,30,100.0,15.0,10.0,0,0
31,0x8a,0x0,0,30,100.0,15.0,10.0,0,0
32,0x0,0x0,0,0,100.0,15.0,10.0,0,0
33,0x0,0x0,0,0,100.0,15.0,10.0,0,0
34,0x0,0x0,0,0,100.0,15.0,10.0,0,0
35,0x0,0x0,0,180,100.0,15.0,10.0,0,0
36,0x0,0x0,0,0,100.0,15.0,10.0,0,0
37,0x0,0x0,0,0,100.0,15.0,10.0,0,0
38,0x72,0x0,0,180,100.0,15.0,10.0,0,0
39,0x5c5,0x0,0,0,100.0,15.0,10.0,0,0
40,0x5c6,0x0,0,0,100.0,15.0,10.0,0,0
41,0x2e0,0x0,0,0,100.0,15.0,10.0,0,0
42,0x2d9,0x0,0,0,100.0,15.0,10.0,0,0
43,0x2da,0x0,0,0,100.0,15.0,10.0,0,0
44,0x2dd,0x0,0,0,100.0,15.0,10.0,0,0
45,0x2d7,0x0,0,0,100.0,15.0,10.0,0,0
46,0x0,0x0,0,0,100.0,15.0,10.0,0,0
47,0x6e,0x0,0,0,100.0,15.0,10.0,0,0
48,0x6c,0x0,0,0,100.0,15.0,10.0,0,0
49,0x6d,0x0,0,0,100.0,15.0,10.0,0,0
50,0x6b,0x0,0,0,100.0,15.0,10.0,0,0
51,0x73,0x0,0,120,100.0,15.0,10.0,0,0
52,0x70,0x0,0,120,100.0,15.0,10.0,0,0
53,0x6f,0x0,0,120,100.0,15.0,10.0,0,0
54,0x71,0x0,0,120,100.0,15.0,10.0,0,0
55,0xaf,0x0,0,180,100.0,15.0,10.0,0,0
56,0xb1,0x0,0,180,100.0,15.0,10.0,0,0
57,0xb3,0x0,0,180,100.0,15.0,10.0,0,0
58,0xb9,0x0,0,180,100.0,15.0,10.0,0,0
59,0xc0,0x0,0,180,100.0,15.0,10.0,0,0
60,0xc1,0x0,0,180,100.0,15.0,10.0,0,0
61,0xc2,0x0,0,180,100.0,15.0,10.0,0,0
62,0xc3,0x0,0,180,100.0,15.0,10.0,0,0
63,0xc6,0x0,0,180,100.0,15.0,10.0,0,0
64,0x2d1,0x60006c4,0,180,100.0,15.0,10.0,0,0
65,0x2cf,0x60006c7,0,180,100.0,15.0,10.0,0,0
66,0x2d0,0x60006ca,0,180,100.0,15.0,10.0,0,0
67,0x2ce,0x60006cc,0,180,100.0,15.0,10.0,0,0
68,0x39a,0x0,0,0,100.0,15.0,10.0,0,0
69,0x9b,0x0,0,0,100.0,15.0,10.0,0,0
70,0x9c,0x0,0,0,100.0,15.0,10.0,0,0
71,0x9a,0x0,0,0,100.0,15.0,10.0,0,0
72,0x39c,0x0,0,300,100.0,15.0,10.0,0,0
73,0xbf,0x0,0,0,100.0,15.0,10.0,0,0
74,0xc0,0x0,0,0,100.0,15.0,10.0,0,0
75,0xc2,0x0,0,0,100.0,15.0,10.0,0,0
76,0xc3,0x0,0,0,100.0,15.0,10.0,0,0
77,0xba,0x0,0,0,100.0,15.0,10.0,0,0
78,0xb2,0x0,0,0,100.0,15.0,10.0,0,0
79,0x1ac,0x6000104,0,180,100.0,15.0,10.0,0,0
80,0x1ae,0x60000fa,0,180,100.0,15.0,10.0,0,0
81,0x1ad,0x6000108,0,180,100.0,15.0,10.0,0,0
82,0x1b8,0x6000375,0,960,100.0,15.0,10.0,0,0
83,0x1ba,0x6000374,0,240,100.0,15.0,10.0,0,0
84,0x1bb,0x0,0,960,100.0,15.0,10.0,0,0
85,0x1bc,0x6000372,0,280,100.0,15.0,10.0,0,0
86,0x1bd,0x0,0,240,100.0,15.0,10.0,0,0
87,0x1b9,0x6000373,0,300,100.0,15.0,10.0,0,0
88,0x1cf,0x600038e,0,0,100.0,15.0,10.0,0,0
89,0x176,0x6000377,0,0,100.0,15.0,10.0,0,0
90,0x177,0x6000378,0,0,100.0,15.0,10.0,0,0
91,0x178,0x6000379,0,0,100.0,15.0,10.0,0,0
92,0x179,0x600037a,0,0,100.0,15.0,10.0,0,0
93,0x17a,0x600037b,0,0,100.0,15.0,10.0,0,0
94,0x17b,0x600037c,0,0,100.0,15.0,10.0,0,0
95,0x17c,0x600037d,0,0,100.0,15.0,10.0,0,0
96,0x17d,0x600037e,0,0,100.0,15.0,10.0,0,0
97,0x17e,0x600037f,0,0,100.0,15.0,10.0,0,0
98,0x17f,0x6000380,0,0,100.0,15.0,10.0,0,0
99,0x180,0x6000381,0,0,100.0,15.0,10.0,0,0
100,0x181,0x6000382,0,0,100.0,15.0,10.0,0,0
101,0x182,0x6000383,0,0,100.0,15.0,10.0,0,0
102,0x183,0x6000384,0,0,100.0,15.0,10.0,0,0
103,0x184,0x6000385,0,0,100.0,15.0,10.0,0,0
104,0x185,0x6000386,0,0,100.0,15.0,10.0,0,0
105,0x186,0x6000387,0,0,100.0,15.0,10.0,0,0
106,0x187,0x6000388,0,0,100.0,15.0,10.0,0,0
107,0x188,0x6000389,0,0,100.0,15.0,10.0,0,0
108,0x189,0x600038a,0,0,100.0,15.0,10.0,0,0
109,0x18a,0x600038b,0,0,100.0,15.0,10.0,0,0
110,0x18b,0x600038c,0,0,100.0,15.0,10.0,0,0
111,0x18c,0x600038d,0,0,100.0,15.0,10.0,0,0
112,0x18d,0x6000978,0,0,100.0,15.0,10.0,0,0
113,0x18e,0x6000376,0,0,100.0,15.0,10.0,0,0
114,0x18f,0x6000979,0,0,100.0,15.0,10.0,0,0
115,0x190,0x6000977,0,0,100.0,15.0,10.0,0,0
116,0x191,0x0,0,0,100.0,15.0,10.0,0,0
117,0x192,0x0,0,0,100.0,15.0,10.0,0,0
118,0x193,0x0,0,0,100.0,15.0,10.0,0,0
119,0x194,0x0,0,0,100.0,15.0,10.0,0,0
120,0x195,0x0,0,0,100.0,15.0,10.0,0,0
121,0x196,0x0,0,0,100.0,15.0,10.0,0,0
122,0x197,0x0,0,0,100.0,15.0,10.0,0,0
123,0x198,0x0,0,0,100.0,15.0,10.0,0,0
124,0x199,0x0,0,0,100.0,15.0,10.0,0,0
125,0x19a,0x0,0,0,100.0,15.0,10.0,0,0
126,0x19b,0x0,0,0,100.0,15.0,10.0,0,0
127,0x19c,0x0,0,0,100.0,15.0,10.0,0,0
128,0x19d,0x0,0,0,100.0,15.0,10.0,0,0
129,0x19e,0x0,0,0,100.0,15.0,10.0,0,0
130,0x19f,0x0,0,0,100.0,15.0,10.0,0,0
131,0x1a0,0x0,0,0,100.0,15.0,10.0,0,0
132,0x1a2,0x6000105,0,0,100.0,15.0,10.0,0,0
133,0x1a3,0x60000fb,0,0,100.0,15.0,10.0,0,0
134,0x1a4,0x6000112,0,0,100.0,15.0,10.0,0,0
135,0x1a5,0x6000113,0,0,100.0,15.0,10.0,0,0
136,0x1a6,0x6000114,0,0,100.0,15.0,10.0,0,0
137,0x1a7,0x6000115,0,0,100.0,15.0,10.0,0,0
138,0x1a8,0x6000116,0,0,100.0,15.0,10.0,0,0
139,0x1a9,0x6000117,0,0,100.0,15.0,10.0,0,0
140,0x1aa,0x600010f,0,0,100.0,15.0,10.0,0,0
141,0x0,0x0,0,900,100.0,15.0,10.0,0,0
142,0x1ab,0x6000103,0,900,100.0,15.0,10.0,0,0
143,0x1b0,0x60000fd,0,180,100.0,15.0,10.0,0,0
144,0x1b1,0x60000fe,0,180,100.0,15.0,10.0,0,0
145,0x1b3,0x60000ff,0,180,100.0,15.0,10.0,0,0
146,0x1b5,0x6000100,0,180,100.0,15.0,10.0,0,0
147,0x1b6,0x6000107,0,180,100.0,15.0,10.0,0,0
148,0x1b7,0x6000106,0,180,100.0,15.0,10.0,0,0
149,0x1c2,0x600011a,0,900,100.0,15.0,10.0,0,0
150,0x1c5,0x6000119,0,900,100.0,15.0,10.0,0,0
151,0x1c6,0x600010a,0,300,100.0,15.0,10.0,0,0
152,0x1c7,0x600010b,0,300,100.0,15.0,10.0,0,0
153,0x1c8,0x600010c,0,300,100.0,15.0,10.0,0,0
154,0x1c9,0x600010e,0,300,100.0,15.0,10.0,0,0
155,0x2c1,0x0,0,60,100.0,15.0,10.0,0,0
156,0x2c2,0x0,0,60,100.0,15.0,10.0,0,0
157,0x1ce,0x0,0,60,100.0,15.0,10.0,0,0
158,0x175,0x0,0,60,100.0,15.0,10.0,0,0
159,0x2c5,0x0,0,180,100.0,15.0,10.0,0,0
160,0x2c4,0x0,0,180,100.0,15.0,10.0,0,0
161,0x2c3,0x0,0,180,100.0,15.0,10.0,0,0
162,0x250,0x0,0,180,100.0,15.0,10.0,0,0
163,0x73,0x0,0,180,100.0,15.0,10.0,0,0
164,0x70,0x0,0,180,100.0,15.0,10.0,0,0
165,0x6f,0x0,0,180,100.0,15.0,10.0,0,0
166,0x2ba,0x0,0,180,100.0,15.0,10.0,0,0
167,0x2bb,0x0,0,180,100.0,15.0,10.0,0,0
168,0x2bc,0x0,0,180,100.0,15.0,10.0,0,0
169,0x2bd,0x0,0,180,100.0,15.0,10.0,0,0
170,0x2b2,0x0,0,180,100.0,15.0,10.0,0,0
171,0x0,0x0,0,180,100.0,15.0,10.0,0,0
172,0x27a,0x0,0,180,100.0,15.0,10.0,0,0
173,0x25e,0x0,0,180,100.0,15.0,10.0,0,0
174,0x25f,0x0,0,180,100.0,15.0,10.0,0,0
175,0x260,0x0,0,180,100.0,15.0,10.0,0,0
176,0x265,0x0,0,180,100.0,15.0,10.0,0,0
177,0x267,0x0,0,180,100.0,15.0,10.0,0,0
178,0x268,0x0,0,180,100.0,15.0,10.0,0,0
179,0x261,0x0,0,600,100.0,15.0,10.0,0,0
180,0x262,0x0,0,600,100.0,15.0,10.0,0,0
181,0x263,0x0,0,600,100.0,15.0,10.0,0,0
182,0x264,0x0,0,600,100.0,15.0,10.0,0,0
183,0x266,0x0,0,600,100.0,15.0,10.0,0,0
184,0x26b,0x0,0,180,100.0,15.0,10.0,0,0
185,0x26c,0x0,0,180,100.0,15.0,10.0,0,0
186,0x26d,0x0,0,180,100.0,15.0,10.0,0,0
187,0x26e,0x0,0,180,100.0,15.0,10.0,0,0
188,0x26f,0x0,0,180,100.0,15.0,10.0,0,0
189,0x269,0x0,0,180,100.0,15.0,10.0,0,0
190,0x26a,0x0,0,180,100.0,15.0,10.0,0,0
191,0x258,0x0,0,180,100.0,15.0,10.0,0,0
192,0x25b,0x0,0,180,100.0,15.0,10.0,0,0
193,0x25c,0x0,0,180,100.0,15.0,10.0,0,0
194,0x25d,0x0,0,180,100.0,15.0,10.0,0,0
195,0x39b,0x0,0,180,100.0,15.0,10.0,0,0
196,0x2be,0x0,0,180,100.0,15.0,10.0,0,0
197,0x2b3,0x0,0,180,100.0,15.0,10.0,0,0
198,0x2b4,0x0,0,180,100.0,15.0,10.0,0,0
199,0x2b5,0x0,0,180,100.0,15.0,10.0,0,0
200,0x2b6,0x0,0,180,100.0,15.0,10.0,0,0
201,0x2b7,0x0,0,180,100.0,15.0,10.0,0,0
202,0x2b8,0x0,0,180,100.0,15.0,10.0,0,0
203,0x2b9,0x0,0,180,100.0,15.0,10.0,0,0
204,0x53d,0x0,0,120,100.0,15.0,10.0,0,0
205,0x53e,0x0,0,120,100.0,15.0,10.0,0,0
206,0x540,0x0,0,120,100.0,15.0,10.0,0,0
207,0x541,0x0,0,120,100.0,15.0,10.0,0,0
208,0x542,0x0,0,120,100.0,15.0,10.0,0,0
209,0x543,0x0,0,120,100.0,15.0,10.0,0,0
210,0x53f,0x0,0,120,100.0,15.0,10.0,0,0
211,0x531,0x0,0,600,100.0,15.0,10.0,0,0
212,0x53c,0x0,0,600,100.0,15.0,10.0,0,0
213,0x544,0x0,0,600,100.0,15.0,10.0,0,0
214,0x549,0x0,0,600,100.0,15.0,10.0,0,0
215,0x526,0x0,0,600,100.0,15.0,10.0,0,0
216,0x51e,0x0,0,180,100.0,15.0,10.0,0,0
217,0x520,0x0,0,180,100.0,15.0,10.0,0,0
218,0x522,0x0,0,180,100.0,15.0,10.0,0,0
219,0x523,0x0,0,180,100.0,15.0,10.0,0,0
220,0x525,0x0,0,180,100.0,15.0,10.0,0,0
221,0x527,0x0,0,180,100.0,15.0,10.0,0,0
222,0x528,0x0,0,180,100.0,15.0,10.0,0,0
223,0x52e,0x0,0,180,100.0,15.0,10.0,0,0
224,0x530,0x0,0,180,100.0,15.0,10.0,0,0
225,0x532,0x0,0,180,100.0,15.0,10.0,0,0
226,0x534,0x0,0,180,100.0,15.0,10.0,0,0
227,0x537,0x0,0,180,100.0,15.0,10.0,0,0
228,0x538,0x0,0,180,100.0,15.0,10.0,0,0
229,0x539,0x0,0,180,100.0,15.0,10.0,0,0
230,0x53a,0x0,0,180,100.0,15.0,10.0,0,0
231,0x53b,0x0,0,180,100.0,15.0,10.0,0,0
232,0x51d,0x0,0,180,100.0,15.0,10.0,0,0
233,0x2e4,0x0,0,120,100.0,15.0,10.0,0,0
234,0x2e5,0x0,0,120,100.0,15.0,10.0,0,0
235,0x2e7,0x0,0,120,100.0,15.0,10.0,0,0
236,0x2ea,0x0,0,120,100.0,15.0,10.0,0,0
237,0x2e2,0x0,0,120,100.0,15.0,10.0,0,0
238,0x2eb,0x0,0,120,100.0,15.0,10.0,0,0
239,0x2e1,0x0,0,120,100.0,15.0,10.0,0,0
240,0x2e9,0x0,0,120,100.0,15.0,10.0,0,0
241,0x2e3,0x0,0,120,100.0,15.0,10.0,0,0
242,0x2e8,0x0,0,120,100.0,15.0,10.0,0,0
243,0x557,0x0,0,120,100.0,15.0,10.0,0,0
244,0x55c,0x0,0,120,100.0,15.0,10.0,0,0
245,0x590,0x0,0,120,100.0,15.0,10.0,0,0
246,0x595,0x0,0,120,100.0,15.0,10.0,0,0
247,0x558,0x0,0,120,100.0,15.0,10.0,0,0
248,0x55d,0x0,0,120,100.0,15.0,10.0,0,0
249,0x591,0x0,0,120,100.0,15.0,10.0,0,0
250,0x596,0x0,0,120,100.0,15.0,10.0,0,0
251,0x55b,0x0,0,120,100.0,15.0,10.0,0,0
252,0x560,0x0,0,120,100.0,15.0,10.0,0,0
253,0x594,0x0,0,120,100.0,15.0,10.0,0,0
254,0x599,0x0,0,120,100.0,15.0,10.0,0,0
255,0x563,0x0,0,120,100.0,15.0,10.0,0,0
256,0x567,0x0,0,120,100.0,15.0,10.0,0,0
257,0x59c,0x0,0,120,100.0,15.0,10.0,0,0
258,0x5a0,0x0,0,120,100.0,15.0,10.0,0,0
259,0x566,0x0,0,120,100.0,15.0,10.0,0,0
260,0x568,0x0,0,120,100.0,15.0,10.0,0,0
261,0x59f,0x0,0,120,100.0,15.0,10.0,0,0
262,0x5a1,0x0,0,120,100.0,15.0,10.0,0,0
263,0x56d,0x0,0,120,100.0,15.0,10.0,0,0
264,0x5a6,0x0,0,120,100.0,15.0,10.0,0,0
265,0x56e,0x0,0,120,100.0,15.0,10.0,0,0
266,0x5a7,0x0,0,120,100.0,15.0,10.0,0,0
267,0x571,0x0,0,120,100.0,15.0,10.0,0,0
268,0x5aa,0x0,0,120,100.0,15.0,10.0,0,0
269,0x5bc,0x0,0,120,100.0,15.0,10.0,0,0
270,0x582,0x0,0,120,100.0,15.0,10.0,0,0
271,0x584,0x0,0,120,100.0,15.0,10.0,0,0
272,0x5bb,0x0,0,120,100.0,15.0,10.0,0,0
273,0x54c,0x0,0,120,100.0,15.0,10.0,0,0
274,0x54d,0x0,0,120,100.0,15.0,10.0,0,0
275,0x54e,0x0,0,120,100.0,15.0,10.0,0,0
276,0x561,0x0,0,120,100.0,15.0,10.0,0,0
277,0x56c,0x0,0,120,100.0,15.0,10.0,0,0
278,0x585,0x0,0,120,100.0,15.0,10.0,0,0
279,0x586,0x0,0,120,100.0,15.0,10.0,0,0
280,0x587,0x0,0,120,100.0,15.0,10.0,0,0
281,0x59a,0x0,0,120,100.0,15.0,10.0,0,0
282,0x5a5,0x0,0,120,100.0,15.0,10.0,0,0
283,0x54f,0x0,0,120,100.0,15.0,10.0,0,0
284,0x550,0x0,0,120,100.0,15.0,10.0,0,0
285,0x551,0x0,0,120,100.0,15.0,10.0,0,0
286,0x580,0x0,0,120,100.0,15.0,10.0,0,0
287,0x552,0x0,0,120,100.0,15.0,10.0,0,0
288,0x555,0x0,0,120,100.0,15.0,10.0,0,0
289,0x577,0x0,0,120,100.0,15.0,10.0,0,0
290,0x588,0x0,0,120,100.0,15.0,10.0,0,0
291,0x589,0x0,0,120,100.0,15.0,10.0,0,0
292,0x58a,0x0,0,120,100.0,15.0,10.0,0,0
293,0x5b9,0x0,0,120,100.0,15.0,10.0,0,0
294,0x58b,0x0,0,120,100.0,15.0,10.0,0,0
295,0x58e,0x0,0,120,100.0,15.0,10.0,0,0
296,0x5b0,0x0,0,120,100.0,15.0,10.0,0,0
297,0x553,0x0,0,120,100.0,15.0,10.0,0,0
298,0x554,0x0,0,120,100.0,15.0,10.0,0,0
299,0x556,0x0,0,120,100.0,15.0,10.0,0,0
300,0x581,0x0,0,120,100.0,15.0,10.0,0,0
301,0x583,0x0,0,120,100.0,15.0,10.0,0,0
302,0x58c,0x0,0,120,100.0,15.0,10.0,0,0
303,0x58d,0x0,0,120,100.0,15.0,10.0,0,0
304,0x58f,0x0,0,120,100.0,15.0,10.0,0,0
305,0x5ba,0x0,0,120,100.0,15.0,10.0,0,0
306,0x54a,0x0,0,120,100.0,15.0,10.0,0,0
307,0x572,0x0,0,120,100.0,15.0,10.0,0,0
308,0x573,0x0,0,120,100.0,15.0,10.0,0,0
309,0x575,0x0,0,120,100.0,15.0,10.0,0,0
310,0x576,0x0,0,120,100.0,15.0,10.0,0,0
311,0x578,0x0,0,120,100.0,15.0,10.0,0,0
312,0x5ab,0x0,0,120,100.0,15.0,10.0,0,0
313,0x5ac,0x0,0,120,100.0,15.0,10.0,0,0
314,0x5ae,0x0,0,120,100.0,15.0,10.0,0,0
315,0x5af,0x0,0,120,100.0,15.0,10.0,0,0
316,0x5b1,0x0,0,120,100.0,15.0,10.0,0,0
317,0x574,0x0,0,120,100.0,15.0,10.0,0,0
318,0x5ad,0x0,0,120,100.0,15.0,10.0,0,0
319,0x579,0x0,0,120,100.0,15.0,10.0,0,0
320,0x5b2,0x0,0,120,100.0,15.0,10.0,0,0
321,0x57a,0x0,0,120,100.0,15.0,10.0,0,0
322,0x57b,0x0,0,120,100.0,15.0,10.0,0,0
323,0x5b3,0x0,0,120,100.0,15.0,10.0,0,0
324,0x5b4,0x0,0,120,100.0,15.0,10.0,0,0
325,0x57c,0x0,0,120,100.0,15.0,10.0,0,0
326,0x57d,0x0,0,120,100.0,15.0,10.0,0,0
327,0x57e,0x0,0,120,100.0,15.0,10.0,0,0
328,0x57f,0x0,0,120,100.0,15.0,10.0,0,0
329,0x5b5,0x0,0,120,100.0,15.0,10.0,0,0
330,0x5b6,0x0,0,120,100.0,15.0,10.0,0,0
331,0x5b7,0x0,0,120,100.0,15.0,10.0,0,0
332,0x5b8,0x0,0,120,100.0,15.0,10.0,0,0
333,0x3b6,0x0,0,0,100.0,15.0,10.0,0,0
334,0x3b4,0x0,0,0,100.0,15.0,10.0,0,0
335,0x3af,0x0,0,0,100.0,15.0,10.0,0,0
336,0x254,0x0,0,0,100.0,15.0,10.0,0,0
337,0x8a,0x0,0,0,100.0,15.0,10.0,0,0
338,0x3b0,0x0,0,0,100.0,15.0,10.0,0,0
339,0x1d1,0x0,0,0,100.0,15.0,10.0,0,0
340,0x3b5,0x0,0,0,100.0,15.0,10.0,0,0
341,0x3b3,0x0,0,0,100.0,15.0,10.0,0,0
342,0x8b,0x0,0,0,100.0,15.0,10.0,0,0
343,0x3b1,0x0,0,0,100.0,15.0,10.0,0,0
344,0x245,0x0,0,0,100.0,15.0,10.0,0,0
345,0x1d2,0x0,0,0,100.0,15.0,10.0,0,0
