name,address,size,ours,ncallers,callers,note
behaviour_util_getProperty,0x19440,48,,106,FUN_00033870; FUN_000338b0; FUN_00033990; FUN_00033a40; DroneAnim_CanStandLean; DroneAnim_CanStandStepOut; DroneAnim_CoverAnim; DroneAnim_SetStandIdleAnim ...,
behaviour_util_setProperty,0x19470,96,,44,BOT_init; NDrone2_BulletImpact; FUN_0003fae0; FUN_0003fe30; NDrone2_init_DMODE_Defaults; FUN_000408b0; FUN_00040960; FUN_00040980 ...,
behaviour_util_get,0x194d0,736,,1,NDrone2_DoModeSettingsNEW,
behaviour_util_getStats,0x197b0,32,,1,NDrone2_DoModeSettingsNEW,
Drone_CoverCornerNode,0x2fe20,480,,1,parsemap_create_dynamic_objects,
Drone_CoverLowNode,0x30000,400,,8,parsemap_create_dynamic_objects; FUN_000efac4; __hw_cw; D3D8::D3DDevice_SetTextureState_TexCoordIndex; D3D8::D3DResource_GetType; FUN_00105560; D3D8::CMiniport_CreateCtxDmaObject; FUN_00118023,
Drone_AIPoint,0x30190,256,,1,parsemap_create_dynamic_objects,
Drone_VisibilityForPosition,0x30470,96,,2,FUN_000313e0; DroneVision_ProcessDroneSight,
Drone_IsCoverNodeUsable,0x30af0,800,,1,Drone_ProcessCoverNodes,
Drone_AddDynamicAwarePoint,0x30e10,96,,1,Drone_BuildDynamicAwarePoints,
Drone_BuildDynamicAwarePoints,0x30e70,672,,1,Drone_InitComms,
Drone_ProcessCoverNodes,0x311e0,128,,1,Drone_InitComms,
Drone_GetOpponentInfo,0x31260,384,,3,FUN_000313e0; DroneAnim_SnapRotate; NDrone2_PostLoad_Init,
Drone_PositionVisible,0x318c0,176,,1,DroneSpawner_SpawnDrone,
Drone_AlertStatusSet,0x31d30,64,,69,NDrone2_PunchImpact; NDrone2_BulletImpact; NDrone2_ExplosiveImpact; NDrone2_DSTATE_HostageDie; NDrone2_DSTATE_CivilianHiding; NDrone2_DSTATE_AllyFollowDone; NDrone2_DSTATE_GrenadeThrow; NDrone2_DSTATE_AimStandReload ...,
Drone_AlertStatus,0x31d70,48,,1,AnimFacialUpdate,
Drone_MayDealBackshotDamage,0x31da0,64,,1,Drone_ModBulletDamage,
Drone_ModBulletDamage,0x31de0,208,,1,Drone_ModPlayerHitDamage,
Drone_ModPlayerHitDamage,0x31eb0,112,,1,Player_DealWithObjHit,
Drone_ExplosiveHit,0x31f80,80,,1,Explode_Propagate,
DroneAnim_CanSetAnimCall,0x32dd0,160,,1,DroneAnim_CallHandler,
DroneAnim_SetEndAIState,0x32e70,96,,4,DroneAnim_CallFullyComplete; DroneAnim_CallAnim; DroneAnim_LocationDeathAnim; DroneAnim_LocationImpactAnim,
"FUN_00032ed0 = (empty switch, dead code)",0x32ed0,96,,1,DroneAnim_SetDAnimInternal,
DroneAnim_SetDAnimVeryInternal,0x32f30,176,,1,DroneAnim_SetDAnimInternal,
FUN_00033040 = DroneAnim_GetDAnimForAnimState (PS2 name; custom regs AX/DX/ESI/EDI),0x33040,128,,1,FUN_00033de0,
DroneAnim_CanDoAnimState,0x330c0,96,,39,DroneAnim_ValidateCoverAnim; DroneAnim_CallAnim; DroneAnim_CoverAnim; DroneAnim_LocationDeathAnim; DroneAnim_LocationImpactAnim; DroneAnim_SetStandIdleAnim; FUN_00035410; DroneFunc_HandleImpact ...,
FUN_00033120 = DroneAnim firing helper [name from call context only; body not read],0x33120,48,,1,DroneAnim_PlayFiringAnim,
DroneAnim_SnapRotate,0x33150,128,,1,Drone_Control,
FUN_000331d0 = DroneAnim_OnStartAnim? (calls +0x440/+0x444 callbacks) [name from call context only; body not read],0x331d0,112,,2,DroneAnim_SetDAnimInternal; DroneAnim_SetScript,
FUN_00033240 = DroneAnim blend-frame chooser [name from call context only; body not read],0x33240,112,,1,FUN_00033ea0,
FUN_000332b0 = DroneAnim_CurrentMoveState (PS2 name; AnimInfo+0x10),0x332b0,48,,2,NDrone2_GetHeadPos; FUN_00036c80,
DroneAnim_AnimEndCallback,0x33300,32,,1,DroneAnim_SetHTAnim,
FUN_00033320 = drone root-motion callback,0x33320,624,,1,NDrone2_DefaultInit,
DroneAnim_EventFunc,0x33590,656,,1,DroneAnim_SetHTAnim,
FUN_00033820 = DroneAnim_CoverAnimForAction (cover anim table 0x16402c),0x33820,80,,1,DroneAnim_CoverAnim,
FUN_00033870 = DroneAnim_ForceCrouchCover (PS2 match),0x33870,64,,2,DroneAnim_CoverAnim; FUN_00044250,
FUN_000338b0 = DroneAnim_CanCrouchLean (PS2 match),0x338b0,224,,2,DroneAnim_CoverAnim; FUN_00044250,
FUN_00033990 = DroneAnim_CanCrouchStepOut (likely),0x33990,176,,2,DroneAnim_CoverAnim; FUN_00044250,
"FUN_00033a40 = DroneAnim_CanStandCover? (props 0xa-0xd, corner flag 8)",0x33a40,128,,2,DroneAnim_CanStandLean; DroneAnim_CanStandStepOut,
DroneAnim_CanStandLean,0x33ac0,176,,2,DroneAnim_CoverAnim; FUN_00044250,
DroneAnim_CanStandStepOut,0x33b70,128,,2,DroneAnim_CoverAnim; FUN_00044250,
FUN_00033bf0 = DroneAnim_CanUseCornerAsLowCover? (likely),0x33bf0,32,,2,DroneAnim_CoverAnim; FUN_00044250,
DroneAnim_ValidateCoverAnim,0x33c10,96,,1,DroneAnim_CoverAnim,
"FUN_00033de0 = DroneAnim_GetDAnimForCall (PS2 name, likely)",0x33de0,128,,1,DroneAnim_CallHandler,
DroneAnim_CallFullyComplete,0x33e60,64,,1,DroneAnim_CallHandler,
FUN_00033ea0 = DroneAnim_PlayQueuedAnim (drone+0x490),0x33ea0,128,,2,FUN_000344f0; DroneAnim_CallHandler,
DroneAnim_SetHTAnim,0x33f20,672,,2,DroneAnim_SetDAnimInternal; DroneAnim_SetScript,
DroneAnim_CallAnim,0x341c0,816,,162,BOTSTATE_chooseUnarmedAttackAnim; DroneAnim_CoverAnim; DroneAnim_SetStandIdleAnim; FUN_00035410; FUN_000354c0; FUN_0003ae20; NDrone2_PunchImpact; NDrone2_ExplosiveImpact ...,
FUN_000344f0 = DroneAnim_SetDAnim helper (clears call when reached),0x344f0,96,,1,DroneAnim_SetDAnimInternal,
DroneAnim_SetDAnimInternal,0x34550,304,,4,FUN_00033ea0; DroneAnim_CallHandler; DroneAnim_SetDAnimNow; DroneAnim_SetAnimD,
DroneAnim_SetScript,0x34680,208,,5,NDrone2_DSTATE_PlayScript; NDrone2_DSTATE_TruckDriverInit; NDrone2_DSTATE_CastleChatGuard1; NDrone2_DSTATE_SpecialDeath_Anim; NDrone2_DSTATE_ActionAnim,
DroneAnim_CoverAnim,0x34750,1088,,11,NDrone2_DSTATE_UnderCoverInit; NDrone2_DSTATE_UnderCoverAim; NDrone2_DSTATE_BotCoverInit; NDrone2_DSTATE_BotCoverAim; NDrone2_DSTATE_UnderCoverIdle; NDrone2_DSTATE_UnderCoverReturn; NDrone2_DSTATE_UnderCoverTypeChange; NDrone2_DSTATE_BotCoverIdle ...,
DroneAnim_LocationDeathAnim,0x34b90,1136,,2,NDrone2_DSTATE_BotDeathAnim; NDrone2_DSTATE_Death_Anim,
DroneAnim_LocationImpactAnim,0x35000,784,,1,NDrone2_BulletImpact,
DroneAnim_SetStandIdleAnim,0x35310,256,,12,FUN_00046c20; NDrone2_DSTATE_Idle; NDrone2_DSTATE_Civilian; NDrone2_DSTATE_CivilianMission; NDrone2_DSTATE_CivilianMissionWait; NDrone2_DSTATE_EnemyMission; NDrone2_DSTATE_AllyLeadInit; NDrone2_DSTATE_PartyGirl ...,
DroneAnim_CallHandler,0x35cb0,272,,1,Drone_Control,
DroneAnim_SetDAnimNow,0x35dc0,80,,5,DroneAnim_PlayFiringAnim; NDrone2_DSTATE_AbseilDeath; NDrone2_DSTATE_PlayScript; NDrone2_DSTATE_Hostage; NDrone2_DSTATE_AbseilInit,
DroneAnim_SetAnimD,0x35e10,80,,1,NDrone2_DefaultInit,
DroneAnim_PlayFiringAnim,0x35e60,96,,11,NDrone2_DSTATE_SniperFire; NDrone2_DSTATE_CombatNoMove; NDrone2_DSTATE_CombatWait; NDrone2_DSTATE_CombatNoRoute; NDrone2_DSTATE_GoToGoalPosition; NDrone2_DSTATE_AimStandFire; NDrone2_DSTATE_AimBackoff; NDrone2_DSTATE_StrafeAimLeft ...,
FUN_00035ec0 = AnimFunc for anim row 0xdc [name from call context only; body not read],0x35ec0,48,,0,,
FUN_00035ef0 = DroneData_AnimFunc lookup (table 0x1640fc),0x35ef0,48,,1,DroneAnim_SetDAnimInternal,
FUN_00035f20 = DroneData_DAStateFunc lookup (table 0x16410c),0x35f20,48,,1,DroneAnim_SetDAnimInternal,
DroneFunc_InRangeOfTarget,0x35f50,32,,10,FUN_0003ae20; NDrone2_DSTATE_Attack; NDrone2_DSTATE_CombatNoRoute; NDrone2_DSTATE_GoToGoalPosition; NDrone2_DSTATE_NinjaAttack; NDrone2_DSTATE_NinjaAttackShortRange; NDrone2_DSTATE_BotAttack; NDrone2_DSTATE_BotAttackRun ...,
DroneFunc_ClampPosToCollisionCylinder,0x362d0,128,,4,DroneVision_CanSeePosition; DroneVision_CanSeeObjectFrom; NDrone2_CanSeeObject; DroneVision_GunThroughWall,
NDrone2_BodyHitEffect,0x36430,192,,1,NDrone2_DealWithObjHit,
NDrone2_DealWithObjHit,0x364f0,1248,,1,Drone_CollisionHandler,
NDrone2_GetHeadPos,0x36ba0,224,,4,FUN_000378f0; DroneVision_CanSeePosition; DroneVision_CanSeeObjectFrom; NDrone2_CanSeeObject,
NDrone2_FeetPos,0x36dc0,64,,19,BOTSTATE_isPathWithinObjectRange; FUN_00038ff0; NDrone2_AtDest; FUN_00044a20; FUN_00044cb0; FUN_00044de0; NDrone2_DistanceToAIPoint; FUN_00045340 ...,
DroneFunc_GetBonePos,0x36e00,144,,1,DroneVision_CanSeeObjectFrom,
NDrone2_DoAnimation,0x37730,96,,4,Drone_Control; DroneAnim_SetHTAnim; DroneAnim_SetDAnimInternal; FUN_000354c0,
DroneFunc_AllocateTargetID,0x37790,144,,1,NDrone2_SetOpponent,
DroneFunc_TargetSeen,0x37820,80,,4,NDrone2_SetOpponent; NDrone2_AttackTalk; DroneFunc_NewSightTalk; DroneFunc_LostSightTalk,
FUN_00037870 = get target bone pos [name from call context only; body not read],0x37870,128,,1,FUN_000378f0,
FUN_000378f0 = NDrone2 aim point on opponent (bone table 0x178088),0x378f0,288,,3,NDrone2_SetOpponent; DroneWeap_NextBulletTime; DroneWeap_NextBulletTime,
NDrone2_SetOpponent,0x37a10,432,,9,BOT_handleOpponentHistory; BOT_fellOutMap; FUN_00030950; NDrone2_FindOpponent; NDrone2_DSTATE_BotDeathAnim; NDrone2_DSTATE_BotDeathByExplosion; NDrone2_DSTATE_BotGlobal; NDrone2_DSTATE_BotDead ...,
NDrone2_FindOpponent,0x37c10,2656,,2,NDrone2_ControlSTANDARD; NDrone2_PostLoad_Init,
DroneFunc_ConsiderExplosive,0x38670,1056,,108,NDrone2_DSTATE_CivilianHiding; NDrone2_DSTATE_AllyFollowDone; NDrone2_DSTATE_SniperReload; NDrone2_DSTATE_CivilianChallenge; NDrone2_DSTATE_Unsurrender_Anim; NDrone2_DSTATE_AimStandReload; NDrone2_DSTATE_AimStandDiscard; NDrone2_DSTATE_Prone ...,
DroneFunc_HandleExplosives,0x38a90,320,,1,NDrone2_ControlSTANDARD,
NDrone2_CheckSurrender,0x38bd0,208,,2,FUN_0003ea80; NDrone2_ReactToOpponentSighted,
NDrone2_CheckUnsurrender,0x38ca0,144,,1,NDrone2_DSTATE_Surrendered,
DroneFunc_DeadDrone,0x38db0,64,,4,NDrone2_DSTATE_Fade; NDrone2_DSTATE_HostageDead; NDrone2_DSTATE_Dead; NDrone2_DSTATE_AstronautDeath,
NDrone2_SetAsDead,0x38df0,128,,3,NDrone2_DSTATE_HostageDead; NDrone2_DSTATE_Dead; NDrone2_DSTATE_BotDead,
NDrone2_DroneAlertToPosition,0x38ea0,160,,3,DroneFunc_SendHurtMessage; NDrone2_ExplosiveImpact; NDrone2_DSTATE_Taser,
NDrone2_DroneAlertToObject,0x38f40,176,,13,NDrone2_SendAttackMessage; FUN_0003ea80; NDrone2_DSTATE_Civilian; NDrone2_DSTATE_CivilianPatrol; NDrone2_DSTATE_CivilianMission; NDrone2_DSTATE_CivilianMissionWait; NDrone2_DSTATE_PartyGirl; NDrone2_DSTATE_CivilianGuard ...,
"FUN_00038ff0 = DroneFunc_HandleAlertMsg (msgs 0x11-0x16,0x1e; props 0x1f/0x27/0x28/0x29/0x4f)",0x38ff0,1936,,1,NDrone2_DSTATE_BotGlobal,
NDrone2_DroneNearPos,0x39870,288,,3,DroneFunc_AnyoneNear; NDrone2_NearDrone; LinkCreep_AtSpecialNode,
DroneFunc_AnyoneNear,0x39990,160,,3,NDrone2_DSTATE_Stunned; NDrone2_DSTATE_StunGrenadeLoop; NDrone2_DSTATE_StunDartLoop,
NDrone2_SeenAndAttacking,0x39f60,416,,78,NDrone2_DSTATE_SniperReload; NDrone2_DSTATE_PunchImpact; NDrone2_DSTATE_ExplosiveImpact; NDrone2_DSTATE_GrenadeThrow; NDrone2_DSTATE_AimStandReload; NDrone2_DSTATE_AimStandDiscard; NDrone2_DSTATE_Prone; switchD_0004c336::caseD_3 ...,
DroneFunc_CheckAlarmRaised,0x3a100,208,yes,1,Drone_InitComms,
FUN_0003a240 = PlrStat hit log (head/torso),0x3a240,48,,2,NDrone2_HitDamage; FUN_0003db50,
FUN_0003a270 = PlrStat hit log (limbs),0x3a270,64,,2,NDrone2_HitDamage; FUN_0003db50,
NDrone2_ExplosionDir,0x3a2b0,192,,3,NDrone2_ExplosiveImpact; NDrone2_DSTATE_BotDeathByExplosion; NDrone2_DSTATE_DeathByExplosion,
DroneFunc_SendHurtMessage,0x3a370,128,,2,NDrone2_PunchImpact; NDrone2_BulletImpact,
FUN_0003a410 = Tower stun/knockout recovery override,0x3a410,192,,1,DroneFunc_HandleImpact,
DroneFunc_RecoverTime,0x3a4d0,256,,6,NDrone2_DSTATE_Taser; NDrone2_DSTATE_Stunned; NDrone2_DSTATE_StunGrenadeImpact; NDrone2_DSTATE_StunGrenadeLoop; NDrone2_DSTATE_StunDartImpact; NDrone2_DSTATE_StunDartLoop,
DroneFunc_ReactionTime,0x3a5d0,176,,1,DroneVision_HaveOpponentSight,
NDrone2_HasOpponent,0x3a690,48,,15,NDrone2_DSTATE_CombatNoMove; NDrone2_DSTATE_AimStandFire; NDrone2_DSTATE_ProneFire; NDrone2_DSTATE_AimCrouchFire; NDrone2_DSTATE_BotAttack; NDrone2_DSTATE_BotAttackRun; NDrone2_DSTATE_BotAttackFire; NDrone2_DSTATE_BotAttackStrafeAimLeft ...,
NDrone2_HeadTrackObj,0x3a6c0,192,,5,FUN_0003a850; FUN_0003a940; FUN_0003ac10; DroneFunc_DoBondTalk; NDrone2_BondTalk,
DroneFunc_SetAsAttacking,0x3ace0,144,,2,DroneFunc_FirstAttack; NDrone2_DefaultInit,
FUN_0003ad70 = DroneFunc castle alert-state chooser,0x3ad70,96,,1,DroneFunc_FirstAttack,
DroneFunc_HandleSoundAlerts,0x3b410,448,,1,Drone_InitComms,
DroneFunc_DoForcedAttack,0x3b5d0,160,,26,NDrone2_DSTATE_PlayScript; NDrone2_DSTATE_Idle; NDrone2_DSTATE_Alert; NDrone2_DSTATE_Patrol; NDrone2_DSTATE_HostageKiller; NDrone2_DSTATE_Civilian; NDrone2_DSTATE_CivilianPatrol; NDrone2_DSTATE_CivilianMission ...,
NDrone2_NearDrone,0x3cdf0,32,,1,NDrone2_DSTATE_BotAttackRunChangePosition,
NDrone2_HitDamage,0x3d670,656,,1,NDrone2_DoHitEffects,
NDrone2_DoHitEffects,0x3d900,592,,14,NDrone2_PunchImpact; NDrone2_BulletImpact; NDrone2_DSTATE_NinjaStand; NDrone2_DSTATE_NinjaAttack; NDrone2_DSTATE_NinjaAttackLongRange; NDrone2_DSTATE_NinjaAttackMidRange; NDrone2_DSTATE_NinjaAttackShortRange; NDrone2_DSTATE_NinjaSideflipLeft ...,
FUN_0003db50 = NDrone2 hit damage variant (armour) [name from call context only; body not read],0x3db50,688,,1,NDrone2_ExplosiveImpact,
DroneFunc_OnInitDeath,0x3de00,528,,3,NDrone2_DSTATE_Death_Anim; NDrone2_DSTATE_DeathByExplosion; NDrone2_DSTATE_SpecialDeath_Anim,
NDrone2_PunchImpact,0x3e010,528,,4,DroneFunc_HandleImpact; NDrone2_DSTATE_PunchImpact; NDrone2_DSTATE_BotGlobal; NDrone2_DSTATE_BotImpactPunch,
NDrone2_BulletImpact,0x3e220,464,,5,DroneFunc_HandleImpact; NDrone2_DSTATE_JustStand; NDrone2_DSTATE_BulletImpact; NDrone2_DSTATE_BotGlobal; NDrone2_DSTATE_BotImpactBullet,
NDrone2_ExplosiveImpact,0x3e3f0,688,,16,DroneFunc_HandleImpact; NDrone2_DSTATE_ExplosiveImpact; NDrone2_DSTATE_NinjaStand; NDrone2_DSTATE_NinjaAttack; NDrone2_DSTATE_NinjaAttackLongRange; NDrone2_DSTATE_NinjaAttackMidRange; NDrone2_DSTATE_NinjaAttackShortRange; NDrone2_DSTATE_NinjaSideflipLeft ...,
DroneFunc_HandleImpact,0x3e6a0,992,,133,NDrone2_DSTATE_CivilianHiding; NDrone2_DSTATE_AllyFollowDone; NDrone2_DSTATE_SniperReload; NDrone2_DSTATE_CivilianChallenge; NDrone2_DSTATE_Unsurrender_Anim; NDrone2_DSTATE_PunchImpact; NDrone2_DSTATE_ExplosiveImpact; NDrone2_DSTATE_GrenadeThrow ...,
FUN_0003ea80 = DroneFunc_ReactToOpponent (surrender/alarm/0x18/0x19/0x1a/0x1b/0x4a),0x3ea80,416,,1,DroneFunc_FirstAttack,
DroneFunc_FirstAttack,0x3ec20,256,,2,NDrone2_DSTATE_CivilianScared; NDrone2_DSTATE_Attack,
"FUN_0003fae0 = NDrone2_GetDTYPENEW (PS2 name; ESI=attackType, EDI=drone)",0x3fae0,576,,1,FUN_0003fe30,
FUN_0003fd20 = (secondary state chooser) [name from call context only; body not read],0x3fd20,272,,1,FUN_0003fe30,
FUN_0003fe30 = NDrone2_GetDroneTypeAttackTypeFriend (PS2 name),0x3fe30,1408,,1,NDrone2_DoModeSettingsNEW,
FUN_00040430 = NDrone2 apply DroneTypeSettings (init state + init fn),0x40430,464,,2,NDrone2_DefaultInit; FUN_00108ff0,
NDrone2_init_DMODE_Defaults,0x40600,672,,9,NDrone2_init_DMODE_Defaults; FUN_00040960; FUN_00040980; FUN_00040d30; FUN_00040d60; FUN_00040d80; FUN_00040da0; NDrone2_init_DMODE_CastleChatGuard1 ...,
NDrone2_init_DMODE_Defaults,0x408a0,16,,0,,
NDrone2_init_DMODE_HostageTied,0x40a80,96,,0,,
NDrone2_init_DMODE_Civilian,0x40b00,272,,0,,
NDrone2_init_DMODE_MissionFailer,0x40ce0,48,,0,,
NDrone2_init_DMODE_CivDoorGuard,0x40f50,224,,0,,
NDrone2_init_DMODE_CastleChatGuard1,0x41030,32,,0,,
NDrone2_init_DMODE_CastleChatGuard2,0x41050,48,,0,,
NDrone2_init_DMODE_SniperAlert,0x41080,160,,0,,
NDrone2_init_DMODE_PartyGirlLooker,0x41120,208,,0,,
NDrone2_initDTYPE_SniperAlert,0x41200,48,,1,NDrone2_ChangeToAttackMode,
NDrone2_DoModeSettingsNEW,0x41230,672,,2,NDrone2_DoModeSettingsOLD; NDrone2_DefaultInit,
NDrone2_DoModeSettingsOLD,0x414d0,800,,1,NDrone2_DefaultInit,
FUN_00043510 = NDrone2_CanStep (prop 0x42),0x43510,80,,2,FUN_00045d30; NDrone2_ChooseCombatMove,
FUN_00043560 = NDrone2_CanStrafe (prop 0x41),0x43560,80,,2,FUN_00045d30; NDrone2_ChooseCombatMove,
"FUN_000435b0 = NDrone2_CanStrafeDodge (prop 0x13, anim 0x29)",0x435b0,80,,2,FUN_00045d30; NDrone2_ChooseCombatMove,
FUN_00043600 = NDrone2_CanRoll (prop 0x2e),0x43600,80,,2,FUN_00045d30; NDrone2_ChooseCombatMove,
"FUN_00043650 = NDrone2_CanDodgeRoll? (prop 0x11, anim 5, dist>=6)",0x43650,96,,3,FUN_000437d0; NDrone2_ChooseCombatMove; NDrone2_DSTATE_CombatNewSighting,
"FUN_000436b0 = NDrone2 can crouch-move (props 0/2, anim 0xf)",0x436b0,80,,1,FUN_00043960,
"FUN_00043700 = NDrone2 can move-8 (prop 1 && !2, anim 8)",0x43700,80,,1,FUN_00043960,
NDrone2_CanAltAttack,0x43750,96,,6,BOTSTATE_chooseUnarmedAttackAnim; NDrone2_DSTATE_SniperFire; NDrone2_DSTATE_CombatNoMove; NDrone2_DSTATE_AimStand; NDrone2_DSTATE_AimStandFire; NDrone2_DSTATE_AimCrouchFire,
FUN_000437b0 = random 0x67 (AimStand) 3/4,0x437b0,32,,1,NDrone2_ChooseCombatMove,
FUN_000437d0 = 0x6f (AimCrouch) if CanDodgeRoll,0x437d0,32,,1,NDrone2_ChooseCombatMove,
NDrone2_SetSoundAlertRoute,0x43a40,112,,1,NDrone2_DSTATE_HeardNoiseSuspect,
NDrone2_SetDroneAlertRoute,0x43ab0,112,,2,NDrone2_DSTATE_SeenDeadBody; NDrone2_DSTATE_SeenSurrenderedDrone,
NDrone2_BondIsFacingMe,0x43ee0,64,,4,NDrone2_CheckSurrender; NDrone2_DSTATE_UnderCoverSniperFire; NDrone2_DSTATE_BotCoverFire; DroneWeap_OpponentIsAimingAtMe,
NDrone2_BondWithinAngle,0x43f20,128,,3,NDrone2_DSTATE_CivilianMissionWait; NDrone2_DSTATE_AllyLead; NDrone2_DSTATE_AllyLeadPlayerInWay,
NDrone2_DisownCover,0x44210,64,,7,NDrone2_FindCover; NDrone2_DSTATE_UnderCoverInit; NDrone2_DSTATE_UnderCoverLeaveNow; NDrone2_DSTATE_BotCoverLeaveNow; NDrone2_DSTATE_RunForCover; NDrone2_DSTATE_BotGlobal; NDrone2_DSTATE_BotCoverRunTo,
FUN_00044250 = cover low check [name from call context only; body not read],0x44250,144,,2,FUN_00044310; NDrone2_FindAmbushCover,
FUN_000442e0 = cover corner check (prop 0xf) [name from call context only; body not read],0x442e0,48,,1,FUN_00044310,
FUN_00044310 = NDrone2_CoverNodeUsableForMe (prop 0x44 range cap),0x44310,384,,12,NDrone2_FindCover; NDrone2_DSTATE_RunForCover; NDrone2_DSTATE_UnderCoverIdle; NDrone2_DSTATE_UnderCoverFire; NDrone2_DSTATE_UnderCoverSniperFire; NDrone2_DSTATE_UnderCoverReturn; NDrone2_DSTATE_UnderCoverTypeChange; NDrone2_DSTATE_BotCoverRunTo ...,
FUN_00044490 = cover: stand position for side [name from call context only; body not read],0x44490,272,,4,FUN_000445a0; FUN_000464a0; NDrone2_FindCover; NDrone2_FindAmbushCover,
FUN_00044670 = cover: my AI path node [name from call context only; body not read],0x44670,64,,2,NDrone2_FindCover; DroneMove_FindSafetyFromScaryPosition,
NDrone2_SetupAlertTarget,0x44e30,64,,2,NDrone2_DroneAlertToPosition; NDrone2_DroneAlertToObject,
NDrone2_CanStepLeft,0x455f0,144,,2,BOTSTATE_checkAttackMove; FUN_00045ca0,
NDrone2_CanStepRight,0x45680,160,,2,BOTSTATE_checkAttackMove; FUN_00045ca0,
NDrone2_CanStrafeLeft,0x45720,160,,4,BOTSTATE_checkAttackMove; FUN_00045bc0; NDrone2_DSTATE_StrafeAimLeft; NDrone2_DSTATE_BotAttackStrafeAimLeft,
NDrone2_CanStrafeRight,0x457c0,176,,4,BOTSTATE_checkAttackMove; FUN_00045bc0; NDrone2_DSTATE_StrafeAimRight; NDrone2_DSTATE_BotAttackStrafeAimRight,
FUN_00045870 = CanStrafeDodge helper (prop 0x13) [name from call context only; body not read],0x45870,144,,2,FUN_00045c30; NDrone2_DSTATE_StrafeDodgeLeft,
FUN_00045900 = CanStrafeDodge helper (prop 0x13) [name from call context only; body not read],0x45900,160,,2,FUN_00045c30; NDrone2_DSTATE_StrafeDodgeRight,
NDrone2_CanBackoff,0x459a0,112,,10,BOTSTATE_checkAttackMove; NDrone2_DSTATE_AimStandFire; NDrone2_DSTATE_AimBackoff; NDrone2_DSTATE_AimCrouchFire; NDrone2_DSTATE_BotGlobal; NDrone2_DSTATE_BotAttackRun; NDrone2_DSTATE_BotAttackFire; NDrone2_DSTATE_BotAttackBackoff ...,
NDrone2_CanRollLeft,0x45a10,144,,2,BOTSTATE_checkAttackMove; FUN_00045b30,
NDrone2_CanRollRight,0x45aa0,144,,2,BOTSTATE_checkAttackMove; FUN_00045b30,
FUN_00045b30 = ChooseCombatMove case 3 (roll) [name from call context only; body not read],0x45b30,144,,2,FUN_00045d30; NDrone2_ChooseCombatMove,
FUN_00045bc0 = ChooseCombatMove case 2 (strafe) [name from call context only; body not read],0x45bc0,112,,2,FUN_00045d30; NDrone2_ChooseCombatMove,
FUN_00045c30 = ChooseCombatMove case 1 (prop 0x13),0x45c30,112,,2,FUN_00045d30; NDrone2_ChooseCombatMove,
FUN_00045ca0 = ChooseCombatMove case 4 (step) [name from call context only; body not read],0x45ca0,144,,1,NDrone2_ChooseCombatMove,
NDrone2_ChooseCombatMove,0x45e50,560,,5,FUN_0003ae20; FUN_0003ea80; NDrone2_DSTATE_CombatNoRoute; NDrone2_DSTATE_AimBackoff; NDrone2_ReactToOpponentSighted,
FUN_000464a0 = cover: record chosen side [name from call context only; body not read],0x464a0,176,,2,NDrone2_FindCover; NDrone2_FindAmbushCover,
NDrone2_FindCover,0x46550,656,,1,NDrone2_CoverAvailable,
NDrone2_FindAmbushCover,0x467e0,560,,1,NDrone2_DSTATE_AmbushInit,
NDrone2_CoverAvailable,0x46a10,112,,8,FUN_0003ae20; NDrone2_DSTATE_CombatNoRoute; NDrone2_DSTATE_UnderCoverIdle; NDrone2_DSTATE_UnderCoverTypeChange; NDrone2_DSTATE_BotAttackRun; NDrone2_DSTATE_BotAttackCrouch; NDrone2_DSTATE_BotCoverIdle; NDrone2_DSTATE_BotCoverTypeChange,
DroneVision_ObjectVisibility,0x643c0,256,,2,DroneFunc_HandleExplosives; DroneVision_DroneCanSeeDrone,
FUN_000644c0 = DroneVision_SetInterogate (sets +0x3f8|=0x20),0x644c0,32,,1,NDrone2_DSTATE_Interogate,
DroneVision_EndInterogate,0x644e0,48,,2,NDrone2_DSTATE_CivilianChallenge; NDrone2_DSTATE_Interogate,
DroneVision_SetInterogateAssist,0x64510,16,,2,NDrone2_DSTATE_InterogateAssist; NDrone2_DSTATE_InterogateAssistWait,
DroneVision_EndInterogateAssist,0x64520,48,,1,NDrone2_DSTATE_InterogateAssistWait,
FUN_00064550 = DroneVision alert-source check,0x64550,48,,1,NDrone2_DSTATE_InterogateAssistWait,
FUN_00064580 = DroneVision list helper [name from call context only; body not read],0x64580,64,,1,DroneVision_FindAlertedDrones,
FUN_000645c0 = DroneVision round-robin start [name from call context only; body not read],0x645c0,64,,1,DroneVision_ProcessDroneSight,
DroneVision_LineOfSightToObject,0x64600,96,,2,Drone_PositionVisible; DroneVision_CanSeeObjectFrom,
DroneVision_CanSeePosition,0x64700,80,,1,Drone_IsCoverNodeUsable,
DroneVision_CanSeeObjectFrom,0x64750,352,,2,NDrone2_CanSeeObject; FUN_00066110,
NDrone2_CanSeeObject,0x648b0,96,,12,FUN_0001a660; Drone_MessageObjVicinity; NDrone2_FindOpponent; DroneFunc_HandleExplosives; NDrone2_CheckSurrender; NDrone2_CheckUnsurrender; FUN_0003c430; NDrone2_NearArmedDrone ...,
NDrone2_ReactToOpponentSighted,0x6491d,707,,1,FUN_00064910,
NDrone2_ObjectIsArmed,0x64be0,48,,13,DroneAnim_CallAnim; DroneAnim_LocationDeathAnim; DroneFunc_HandleSoundAlerts; NDrone2_BondTalk; NDrone2_PunchImpact; DroneFunc_HandleImpact; NDrone2_DSTATE_CivilianGuard; NDrone2_DSTATE_GoToGoalPosition ...,
NDrone2_NearArmedDrone,0x64c10,304,,6,NDrone2_DSTATE_HostageIdle; NDrone2_DSTATE_HostageHide; NDrone2_DSTATE_AllyLead; NDrone2_DSTATE_AllyLeadPlayerInWay; NDrone2_DSTATE_AllyLeadWait; NDrone2_DSTATE_AllyLeadBondCombat,
NDrone2_NearArmedPerson,0x64d40,128,,7,NDrone2_DSTATE_Civilian; NDrone2_DSTATE_CivilianPatrol; NDrone2_DSTATE_CivilianMission; NDrone2_DSTATE_CivilianMissionWait; NDrone2_DSTATE_PartyGirl; NDrone2_DSTATE_CivilianGuard; NDrone2_DSTATE_CivilianDoorGuard,
NDrone2_InShoutingRange,0x64e90,144,,1,FUN_00038ff0,
DroneVision_AlertSound,0x64f20,384,,1,DroneVision_EnemyAlerts,
FUN_000650a0 = alert msg 0x1e handler -> Attack,0x650a0,128,,1,DroneVision_EnemyAlerts,
FUN_00065120 = alert reaction stub msg 0x11 (prop 0x28; always returns 0),0x65120,64,,1,DroneVision_EnemyAlerts,
FUN_00065160 = alert stub msg 0x12 (prop 0x27; returns 0),0x65160,64,,1,DroneVision_EnemyAlerts,
FUN_000651a0 = alert stub msg 0x13 (prop 0x4f; returns 0),0x651a0,64,,1,DroneVision_EnemyAlerts,
FUN_000651e0 = alert stub msg 0x15 (prop 0x29; returns 0),0x651e0,64,,1,DroneVision_EnemyAlerts,
DroneVision_EnemyAlerts,0x65220,320,,27,NDrone2_DSTATE_PlayScript; NDrone2_DSTATE_Idle; NDrone2_DSTATE_Alert; NDrone2_DSTATE_Patrol; NDrone2_DSTATE_HostageKiller; NDrone2_DSTATE_Civilian; NDrone2_DSTATE_CivilianPatrol; NDrone2_DSTATE_CivilianMission ...,
DroneVision_EnemyLookForOpponent,0x65360,336,,16,NDrone2_DSTATE_PlayScript; NDrone2_DSTATE_Idle; NDrone2_DSTATE_Alert; NDrone2_DSTATE_Patrol; NDrone2_DSTATE_HostageKiller; NDrone2_DSTATE_KikoMission; NDrone2_DSTATE_EnemyMission; NDrone2_DSTATE_SniperIdle ...,
DroneVision_LogSeenOpponent,0x654b0,96,,1,DroneVision_HaveOpponentSight,
FUN_00065510 = DroneVision_SightStrength (cone/distance/alertness -> drone+0x1d0),0x65510,400,,1,FUN_000656a0,
FUN_000656a0 = DroneVision per-drone sight update [name from call context only; body not read],0x656a0,144,,1,DroneVision_ProcessDroneSight,
DroneVision_HaveOpponentSight,0x65730,432,,1,DroneVision_ProcessDroneSight,
DroneVision_DroneCanSeeDrone,0x658e0,112,,1,DroneVision_ConsiderAlerted,
DroneVision_ConsiderAlerted,0x65950,896,,1,DroneVision_DetermineAlertCheck,
DroneVision_DetermineAlertCheck,0x65cd0,144,,1,DroneVision_FindAlertedDrones,
DroneVision_FindAlertedDrones,0x65d60,336,,1,DroneVision_ProcessDroneSight,
DroneVision_GunThroughWall,0x65eb0,224,,1,FUN_00066030,
NDrone2_NearArmedBond,0x65f90,160,,1,NDrone2_DSTATE_TruckDriverIdle,
FUN_00066110 = DroneVision sight test helper [name from call context only; body not read],0x66110,224,,1,DroneVision_ProcessDroneSight,
DroneVision_ProcessDroneSight,0x661f0,784,,1,Drone_InitComms,
DroneWeap_CloseCombatImpact,0x66500,272,,1,DroneAnim_EventFunc,
DroneWeap_OpponentHasWeapon,0x66610,48,,5,NDrone2_CheckSurrender; NDrone2_DSTATE_Interogate; NDrone2_DSTATE_InterogateWalk; NDrone2_NearArmedPerson; NDrone2_NearArmedBond,
DroneWeap_OpponentIsAimingAtMe,0x66640,96,,4,FUN_00045d30; NDrone2_ChooseCombatMove; NDrone2_DSTATE_UnderCoverSniperFire; NDrone2_DSTATE_BotCoverFire,
FUN_000666a0 = DroneWeap aim update [name from call context only; body not read],0x666a0,96,,1,DroneWeap_HandleFiring,
DroneWeap_AimTarget_IsOpponent,0x66700,336,,24,NDrone2_DSTATE_SniperReload; NDrone2_DSTATE_AimStandReload; switchD_0004c336::caseD_3; NDrone2_DSTATE_AltAttack; NDrone2_DSTATE_RollLeftCrouch; NDrone2_DSTATE_RollRightCrouch; NDrone2_DSTATE_SniperAim; NDrone2_DSTATE_SniperFire ...,
DroneWeap_GetWeaponInfo,0x66850,208,,3,DroneVision_GunThroughWall; DroneWeap_Ready2Fire; DroneWeap_FireWeapon,
DroneWeap_Ready2Fire,0x66920,512,,1,DroneWeap_DoFiring,
DroneWeap_ChangeWeapon,0x66b20,304,,8,BOTWEAP_changeWeapon; DroneAnim_EventFunc; NDrone2_DSTATE_Surrender_Anim; NDrone2_DSTATE_Taser; NDrone2_DSTATE_Stunned_Recover; NDrone2_DSTATE_StunGrenadeImpact; NDrone2_DSTATE_StunDartImpact; NDrone2_DSTATE_DrawWeapon,
DroneWeap_ThrowGrenade,0x66cd0,448,,2,DroneAnim_EventFunc; DroneWeap_ThrowGrenade,
FUN_00066e90 = DroneWeap bullet interval [name from call context only; body not read],0x66e90,128,,3,DroneWeap_NextBulletTime; FUN_00067590; DroneWeap_NextBulletTime,
FUN_00066f10 = DroneWeap burst length [name from call context only; body not read],0x66f10,128,,2,DroneWeap_NextBulletTime; DroneWeap_NextBulletTime,
DroneWeap_DoBulletAccuracy,0x66f90,512,,1,DroneWeap_FireWeapon,
DroneWeap_DoOpponentTargetting,0x67190,320,,1,DroneWeap_HandleFiring,
DroneWeap_BurstDelay,0x672d0,304,,2,DroneWeap_NextBulletTime; DroneWeap_NextBulletTime,
DroneWeap_NextBulletTime,0x67400,400,,1,DroneWeap_Fire,
FUN_00067590 = DroneWeap end-of-burst check [name from call context only; body not read],0x67590,96,,2,DroneWeap_FireWeapon; DroneWeap_DoFiring,
DroneWeap_Fire,0x675f0,80,,34,NDrone2_DSTATE_SniperFire; NDrone2_DSTATE_CombatNoMove; NDrone2_DSTATE_CombatWait; NDrone2_DSTATE_CombatNoRoute; NDrone2_DSTATE_GoToGoalPosition; NDrone2_DSTATE_AimStandFire; NDrone2_DSTATE_ProneFire; NDrone2_DSTATE_AimBackoff ...,
DroneWeap_DropWeapon,0x67690,352,,12,NDrone2_SetAsDead; NDrone2_DSTATE_AbseilDeath; NDrone2_DSTATE_BotDeathAnim; NDrone2_DSTATE_BotDeathByExplosion; NDrone2_DSTATE_Surrender_Anim; NDrone2_DSTATE_KnockedOut_Anim; NDrone2_DSTATE_Taser; NDrone2_DSTATE_StunGrenadeImpact ...,
DroneWeap_FireWeapon,0x677f0,1024,,2,DroneAnim_PlayFiringAnim; DroneWeap_DoFiring,
DroneWeap_ThrowGrenade,0x67bf0,16,,1,DroneAnim_EventFunc,
DroneWeap_NextBulletTime,0x67c00,384,,1,DroneWeap_DoFiring,
DroneWeap_DoFiring,0x67d80,144,,1,DroneWeap_HandleFiring,
DroneWeap_HandleFiring,0x67e10,144,,1,NDrone2_ControlSTANDARD,
Sound_SetAlertness,0xcba90,16,yes,2,AnimObjectUpdate; Effect_Player,
Sound_ModAlertness,0xcbaa0,32,yes,1,Effect_Body,
Sound_Alertness,0xcbb10,368,,1,DroneFunc_HandleSoundAlerts,
Sound_ZeroAlertness,0xcbc80,96,yes,1,Drone_InitComms,
