"index","centred","left_style","left_label","left_text","right_style","right_label","right_text","comment"
"0","1","0","0x010002a5","","0","","","left: JAMES BOND, 007, James Bond Gun and Iris"
"1","1","0","0x010002a6","","0","","","left: Logos and all other James Bond related"
"2","1","0","0x010002a7","","0","","","left: trademarks TM Danjaq, LLC. James Bond, 007,"
"3","1","0","0x010002a8","","0","","","left: James Bond Gun and Iris Logos and all other"
"4","1","0","0x010002a9","","0","","","left: James Bond related properties © 1962-2002"
"5","1","0","0x010002aa","","0","","","left: Danjaq, LLC, and United Artists Corporation."
"6","1","0","0x010002ab","","0","","","left: NIGHTFIRE is a trademark of Danjaq, LLC, and"
"7","1","0","0x010002ac","","0","","","left: United Artists Corporation. Eurocom name and"
"8","1","0","0x010002ad","","0","","","left: logo are trademarks of Eurocom Developments"
"9","1","0","0x010002ae","","0","","","left: Ltd.  Aston Martin V12 Vanquish used under"
"10","1","0","0x010002af","","0","","","left: license from Aston Martin Lagonda Limited,"
"11","1","0","0x010002b0","","0","","","left: Ford Motor Company.  Shelby, the CS Design,"
"12","1","0","0x010002b1","","0","","","left: and the design/shape of the Cobra 427 are the"
"13","1","0","0x010002b2","","0","","","left: trademarks and/or trade dress of Carroll"
"14","1","0","0x010002b3","","0","","","left: Shelby and Carroll Shelby Licensing, Inc."
"15","1","0","0x010002b4","","0","","","left: (Shelby) and are used by Electronic Arts"
"16","1","0","0x010002b5","","0","","","left: under a license with Shelby.  Cobra and the"
"17","1","0","0x010002b6","","0","","","left: Cobra Snake Designs are registered trademarks"
"18","1","0","0x010002b7","","0","","","left: used by Shelby under a worldwide exclusive"
"19","1","0","0x010002b8","","0","","","left: license with Ford Motor Company."
"20","1","0","0x01000319","","0","","","left: Pierce Brosnan name and likeness used under license"
"21","1","0","0x0100031a","","0","","","left: from Kilkenny Productions Inc."
"22","1","0",""," ","0",""," ",""
"23","1","0","0x010002b9","","0","","","left: ""Nearly Civilized"""
"24","1","0","0x010002ba","","0","","","left: Performed by Esthero"
"25","1","0","0x010002bb","","0","","","left: Written by Esthero, Paul Alexander Campbell"
"26","1","0","0x010002bc","","0","","","left: and Henry Priestman © 2002 EMI April Music"
"27","1","0","0x010002bd","","0","","","left: (Canada) Ltd./Stinkyminky Music (SOCAN)/EMI"
"28","1","0","0x010002be","","0","","","left: Blackwood Music Inc./Broughton Park Music."
"29","1","0","0x010002bf","","0","","","left: All Rights for Stinkyminky Music controlled"
"30","1","0","0x010002c0","","0","","","left: and administered by EMI April Music Inc. All"
"31","1","0","0x010002c1","","0","","","left: Right for Broughton Park Music controlled and"
"32","1","0","0x010002c2","","0","","","left: administered by EMI Blackwood Music Inc."
"33","1","0","0x010002c3","","0","","","left: (BMI) All Rights Reserved.  International"
"34","1","0","0x010002c4","","0","","","left: Copyright Secured. Used by Permission."
"35","1","0","0x010002c5","","0","","","left: Recording courtesy of Reprise Records Under"
"36","1","0","0x010002c6","","0","","","left: license from Warner Special Products"
"37","1","0",""," ","0",""," ",""
"38","1","0","0x010002c7","","0","","","left: ""James Bond Theme"""
"39","1","0","0x010002c8","","0","","","left: Written by Monty Norman"
"40","1","0","0x010002c9","","0","","","left: © 1962 Renewed 1990 UNITED ARTISTS LTD."
"41","1","0","0x010002ca","","0","","","left: All Rights Controlled and Administered by EMI"
"42","1","0","0x010002cb","","0","","","left: UNART CATALOG, INC."
"43","1","0","0x010002cc","","0","","","left: All Rights Reserved."
"44","1","0","0x010002cd","","0","","","left: International Copyright Secured."
"45","1","0","0x010002ce","","0","","","left: Used by Permission."
"46","1","0",""," ","0",""," ",""
"47","1","0",""," ","0",""," ",""
"48","1","1","0x010002a3","","0","","","left: James Bond 007™: NightFire™"
"49","1","1","0x010002a4","","0","","","left: Development and Production"
"50","1","0",""," ","0",""," ",""
"51","0","1","0x010002e0","","1","0x010002e1","","left: First Person Action | right: Vehicle Action"
"52","1","0",""," ","0",""," ",""
"53","0","1","","EUROCOM","1","0x0100021f","","right: ELECTRONIC ARTS"
"54","0","2","0x000002a4","","2","0x01000236","","left: Project Lead | right: Snr. Technical Directors"
"55","0","0","","Tim Rogers","0","","Brad Gour",""
"56","0","0",""," ","0","","Andrew Brownsword",""
"57","0","2","0x000002a8","","0",""," ","left: Lead Programmer"
"58","0","0","","Simon Mills","2","0x01000237","","right: Programmers"
"59","0","0",""," ","0","","Stuart Riffle",""
"60","0","2","0x000002a9","","0","","Nathan Whitaker","left: Programming"
"61","0","0","","Steve Camber","0","","David Lucas",""
"62","0","0","","Mark Duffill","0","","Mike Kiernan",""
"63","0","0","","Ashley Finney","0","","Alan Bucior",""
"64","0","0","","Joel Garabedian","0","","Nenad Jankovic",""
"65","0","0","","Jason Gosling","0","","Ryan Ho",""
"66","0","0","","Mike Halsall","0","","Josh Brown",""
"67","0","0","","Green Jam Canal","0","","Gary Bearchell",""
"68","0","0","","Tim Rogers","0","","Gary Shaw",""
"69","0","0","","Kev Stainwright","0","","Manu Singh",""
"70","0","0",""," ","0","","Tim Morris",""
"71","0","2","0x0100021c","","0","","Ted Middleton","left: Audio Programming"
"72","0","0","","Andrew Hutchings","0","","Peter Lolley",""
"73","0","0",""," ","0","","Dennis Tierney",""
"74","0","2","0x000002aa","","0","","Peter Ju","left: Tools Programming"
"75","0","0","","Chris Jordan","0","","Todd Allendorf",""
"76","0","0","","Kevin Marks","0","","Kenneth Strickland",""
"77","0","0","","Andy Mitchell","0",""," ",""
"78","0","0","","Richard Parkin","2","0x01000230","","right: Additional Programming"
"79","0","0","","Bob Smith","0","","Lance Wall",""
"80","0","0",""," ","0","","Amar Atwal",""
"81","0","2","0x000002ab","","0","","Ju-Lian Kwan","left: Lead Artist"
"82","0","0","","Rob Benton","0",""," ",""
"83","0","0",""," ","2","0x01000220","","right: Art Director"
"84","0","2","0x000002ac","","0","","Scott Jackson","left: Art"
"85","0","0","","Leavon Archer","0",""," ",""
"86","0","0","","Gary Baker","2","0x01000238","","right: Technical Art Director"
"87","0","0","","Andy Bee","0","","Colin Doncaster",""
"88","0","0","","Nigel Bentley","0",""," ",""
"89","0","0","","Michael Boylan","2","0x01000239","","right: Art Leads"
"90","0","0","","Neil Davies","0","","Eduardo Agostini",""
"91","0","0","","Richard Godwin","0","","David Carman",""
"92","0","0","","Calvin Golkowski","0","","Gregg Haggman",""
"93","0","0","","Simon Kirk","0","","Curtis Hoines",""
"94","0","0","","Adrian Mannion","0","","Ross Harris",""
"95","0","0","","Stuart McReath","0",""," ",""
"96","0","0","","Alan Pashley","2","0x0100023a","","right: Art Production Managers"
"97","0","0","","Paul Robinson","0","","David Adams",""
"98","0","0",""," ","0","","Gordon Chen",""
"99","0","2","0x000002ad","","0",""," ","left: Lead Animator"
"100","0","0","","Martin Holliday","2","0x01000224","","right: Artists"
"101","0","0",""," ","0","","Phil Chow",""
"102","0","2","0x000002ae","","0","","Kim Gill","left: Animation"
"103","0","0","","Darren Hyland","0","","Josh Lee",""
"104","0","0","","Ludovic le Camus","0","","Yvonne Vuu Carinha",""
"105","0","0","","Jon Maine","0","","Garth Buzzard",""
"106","0","0","","Tom Noone","0","","Anthony Leonati",""
"107","0","0","","Brian Riordan","0","","Jude Godin",""
"108","0","0",""," ","0","","Mark Fraser",""
"109","0","2","0x0100021d","","0","","David White","left: Cinematics"
"110","0","0","","Mark Jackson","0","","Matt Head",""
"111","0","0","","Rob Matthews","0","","Jim Tibbitts",""
"112","0","0","","Stephen Oades","0","","William Wong",""
"113","0","0","","Lee Pullen","0","","Carl Jarrett",""
"114","0","0","","John Stopforth","0","","Toby Carr",""
"115","0","0",""," ","0","","Trevor Jones",""
"116","0","2","0x000002af","","0","","Barry Dempsey","left: Audio Lead"
"117","0","0","","Neil Baldwin","0","","George Ashcroft",""
"118","0","0",""," ","0","0x0100023b","","right: Light Show Multimedia Corporation"
"119","0","2","0x000002b0","","0","","Vince Fung","left: Music"
"120","0","0","","Steve Duckworth","0","","Becky Chow",""
"121","0","0",""," ","0","","Chris Trimble",""
"122","0","2","0x000002a5","","0","","Larry Weiss","left: Senior Producer"
"123","0","0","","Bill Beacham","0","","Ivetta Harte",""
"124","0","0",""," ","0","","Shayne Herrera",""
"125","0","2","0x000002a7","","0","","Ian Sorenson","left: Game Design"
"126","0","0","","Bill Beacham","0","","Amy Bond",""
"127","0","0","","Andy Collins","0","","David Mosher",""
"128","0","0","","Gareth Glover","0","","Stephen Tang",""
"129","0","0","","Kev Harrison","0","","Chris Jung",""
"130","0","0","","Aaron Jenkins","0","","Marc Wilhelm",""
"131","0","0",""," ","0","","Mike Kaczmarek",""
"132","0","2","0x000002a6","","0","","Art Matsuura","left: Project Manager"
"133","0","0","","John Whiston","0","","Will Friedewald",""
"134","0","0",""," ","0","","Mark West",""
"135","0","2","0x0100021e","","0","","Russel Cahalan","left: Assistant Project Manager"
"136","0","0","","Lee Campbell","0","","Mark Sullivan",""
"137","0","0",""," ","0",""," ",""
"138","0","2","0x000002b1","","2","0x0100023c","","left: Quality Assurance Manager | right: Concept Art"
"139","0","0","","Michael Robinson","0","","Daniel Dociu",""
"140","0","0",""," ","0","","Kirk Henderson",""
"141","0","2","0x000002b2","","0","","Norman Felchle","left: Lead Tester"
"142","0","0","","Richard Charles","0","","Gia Luc",""
"143","0","0",""," ","0","","Jason Courtney",""
"144","0","2","0x000002b3","","0","","Ken Nicholls","left: Testers"
"145","0","0","","Stuart Bee","0",""," ",""
"146","0","0","","Duncan Bradshaw","2","0x000002af","","right: Audio Lead"
"147","0","0","","Nick Connolly","0","","Jennifer Lewis",""
"148","0","0","","Andrew Hardy","0",""," ",""
"149","0","0","","Lee Hill","2","0x0100023d","","right: Sound Effects"
"150","0","0","","Oliver Madden","0","","Olo",""
"151","0","0","","Chris Jackson","0","","Adam Boyd",""
"152","0","0","","Jamie Salmon","0",""," ",""
"153","0","0","","Jamie Small","2","0x0100023e","","right: Additional Speech Editing"
"154","0","0",""," ","0","","Jason Fredrickson",""
"155","0","0",""," ","0","","Bryan Rennie",""
"156","0","1","0x0100021f","","0","","Todd Araki","left: ELECTRONIC ARTS"
"157","0","0",""," ","0","","Gregg Sabitz",""
"158","0","2","0x01000220","","0",""," ","left: Art Director"
"159","0","0","","Dave Carson","2","0x0100023f","","right: Driving Composition"
"160","0","0",""," ","0","","Jeff Tymoschuk",""
"161","0","2","0x01000221","","0",""," ","left: Cinematics Coordinator"
"162","0","0","","Cate Latchford","2","0x01000240","","right: Driving Music Mixing"
"163","0","0",""," ","0","","Francois ""KoiHZ"" Lafleur",""
"164","0","2","0x01000222","","0",""," ","left: Concept Artists"
"165","0","0","","Erik Tiemens","2","0x01000226","","right: Executive Producer"
"166","0","0","","Richard Kriegler","0","","Hanno Lemke",""
"167","0","0",""," ","0",""," ",""
"168","0","2","0x01000223","","2","0x01000241","","left: Storyboard Artist | right: Lead Producer"
"169","0","0","","Derek Thompsen","0","","Scott Blackwood",""
"170","0","0",""," ","0",""," ",""
"171","0","2","0x01000239","","2","0x01000228","","left: Art Leads | right: Producer"
"172","0","0","","Yukiko Arikawa","0","","Ofer Estline",""
"173","0","0","","Darren Pattenden","0",""," ",""
"174","0","0",""," ","2","0x01000242","","right: Associate Producers"
"175","0","2","0x01000224","","0","","Jason DeLong","left: Artists"
"176","0","0","","Stephen Tang","0","","Al Escudero",""
"177","0","0","","Chris Jung","0","","Rob Davidson",""
"178","0","0",""," ","0",""," ",""
"179","0","2","0x01000225","","2","0x0100022a","","left: Visual Editor | right: Assistant Producer"
"180","0","0","","Scott Whitney","0","","Jim Boland",""
"181","0","0",""," ","0",""," ",""
"182","0","2","0x01000226","","2","0x01000243","","left: Executive Producer | right: Additional Design"
"183","0","0","","Jon Horsley","0","","Nick Corea",""
"184","0","0",""," ","0",""," ",""
"185","0","2","0x000002a5","","2","0x01000244","","left: Senior Producer | right: Localization Producer"
"186","0","0","","Hunter Smith","0","","Arlaine Walker",""
"187","0","0",""," ","0",""," ",""
"188","0","2","0x01000227","","2","0x01000245","","left: Creative Director | right: Licensing Producers"
"189","0","0","","David Luoto","0","","Serena Blackwood",""
"190","0","0",""," ","0","","Lia Siojo",""
"191","0","2","0x01000228","","0",""," ","left: Producer"
"192","0","0","","Joel Wade","2","0x0100022d","","right: Snr. Development Director"
"193","0","0",""," ","0","","Marcel Laforce",""
"194","0","2","0x01000229","","0",""," ","left: Associate Producer"
"195","0","0","","Ken Rogers","2","0x01000247","","right: Development Directors"
"196","0","0",""," ","0","","Harry Ross",""
"197","0","2","0x0100022a","","0","","Mark Little","left: Assistant Producer"
"198","0","0","","Erin Turner","0","","Scott Taylor",""
"199","0","0",""," ","0",""," ",""
"200","0","2","0x0100022b","","2","0x01000248","","left: Additional Production | right: Production Coordinators"
"201","0","0","","Michael Condrey, Morgan Roarty","0","","Elaine McMurtrie",""
"202","0","0","","John Vifian","0","","Gabbi Villarrubia",""
"203","0","0",""," ","0",""," ",""
"204","0","2","0x0100022c","","2","0x01000249","","left: AI and Gameplay Tuning | right: QA Project Manager"
"205","0","0","","Brent Iverson","0","","Darcy Pajak",""
"206","0","0",""," ","0",""," ",""
"207","0","2","0x0100022d","","2","0x0100024a","","left: Snr. Development Director | right: QA Team Lead"
"208","0","0","","Jim Rushing","0","","Martin McQueen",""
"209","0","0",""," ","0",""," ",""
"210","0","2","0x0100022e","","2","0x0100024b","","left: Development Director | right: QA Senior Testers"
"211","0","0","","Stephen Barry","0","","Jamey Brewster",""
"212","0","0",""," ","0","","Carvy Spindler",""
"213","0","2","0x0100022f","","0",""," ","left: Localisation Producer"
"214","0","0","","Chuck Beaver","2","0x000002b3","","right: Testers"
"215","0","0",""," ","0","","Jimmy Li",""
"216","0","2","0x01000230","","0","","Fred Zhao","left: Additional Programming"
"217","0","0","","Nathan 'Acorn' Pooley","0","","Carlo Audia",""
"218","0","0","","James Petrick","0","","Liam Millar",""
"219","0","0",""," ","0","","Leo Chiu",""
"220","0","2","0x01000231","","0","","Matthew McGillivray","left: Director of QA"
"221","0","0","","Dave Steele","0","","Sean Smillie",""
"222","0","0",""," ","0","","Brad Thompson",""
"223","0","2","0x01000232","","0","","Jason Brown","left: Testing Supervisor"
"224","0","0","","Tim Attuquayefio","0","","Steven Yago",""
"225","0","0",""," ","0","","Matthew Marteinsson",""
"226","0","2","0x01000233","","0","","Edward Lambke","left: Lead Testers"
"227","0","0","","Shinichiro Ohyama","0","","Sean Desharnais",""
"228","0","0","","Colin Clarke","0","","Ryan Greenhow",""
"229","0","0","","James Impey","0","","Phil Nakis",""
"230","0","0","","William Douglas","0","","Edward Vanance",""
"231","0","0",""," ","0",""," ",""
"232","0","2","0x01000234","","2","0x0100024c","","left: Assistant Lead Testers | right: Localization Quality"
"233","0","0","","Seth Mespelli","2","0x0100031b","","right: Assurance"
"234","0","0","","Rob Walton","2","0x0100024d","","right: Test Coordinator"
"235","0","0","","Patrick O'Shaughnessy","0","","Joanne Bondoc",""
"236","0","0","","Tom Benson","0",""," ",""
"237","0","0","","Johnson Lee","2","0x0100024e","","right: Senior Tester"
"238","0","0","","Thomas Burkett","0","","David Wiens",""
"239","0","0","","James Stevens T. DeGuzman","0",""," ",""
"240","0","0","","Russ Fan","2","0x01000251","","right: Savage Entertainment, LLC"
"241","0","0","","Petr Filipchyk","2","0x01000228","","right: Producer"
"242","0","0",""," ","0","","Chacko Sonny",""
"243","0","2","0x01000235","","0",""," ","left: Core Testers"
"244","0","0","","Alan Grey","2","0x01000220","","right: Art Director"
"245","0","0","","Albert Cin","0","","Rob Stahl",""
"246","0","0","","Casey Arnold","0",""," ",""
"247","0","0","","Reid Lind","2","0x01000224","","right: Artists"
"248","0","0","","Jay Jaccobs","0","","Andrew Rai",""
"249","0","0","","Rodney Fleig","0","","Jorge Riverol",""
"250","0","0","","Chris Smith","0","","Wan Chiu",""
"251","0","0","","Edward Ng","0","","Jack Burton",""
"252","0","0","","Liam Bickford","0",""," ",""
"253","0","0","","Justin Couron","2","0x01000252","","right: Mission Builder"
"254","0","0","","Lincoln Anderson","0","","Felix Kupis",""
"255","0","0","","Ryan Jones","0",""," ",""
"256","0","0","","Chris Lowe","2","0x01000253","","right: Additional Art"
"257","0","0","","Devon Dossett","0","","Chris Larsen",""
"258","0","0","","Eizer Queja","0","","Paul Waggonner",""
"259","0","0","","Roy Huerta","0","","Sean O' Connor",""
"260","0","0","","Joe Greene","0","","Larry Mast",""
"261","0","0","","Tara Boyd","0","","Kevin Cunningham",""
"262","0","0","","Jason Bianchi","0","","Eric Scharf",""
"263","0","0","","Matt Ybarra","0",""," ",""
"264","0","0","","Alex Gannaway","2","0x01000237","","right: Programmers"
"265","0","0","","Josh Kaufmann","0","","Sebastien Juanico",""
"266","0","0","","Sam Worf","0","","Tim Morten",""
"267","0","0","","Joe Humfield","0",""," ",""
"268","0","0","","Jeremy Ruckenbrod","1","0x01000312","","right: EA Localization"
"269","0","0","","Kit Stormont","2","0x01000259","","right: Director International"
"270","0","0","","Alex Freeman","2","0x0100031c","","right: Product Development"
"271","0","0","","Kevin T Lee","0","","Atsuko Matsumoto",""
"272","0","0","","Frederick Ng","0",""," ",""
"273","0","0","","Shereif Fattouh","2","0x0100025a","","right: International Project"
"274","0","0","","Michaelangelo Mesina","2","0x0100031d","","right: Manager"
"275","0","0","","Gayle Lautenschlager","0","","John Pemberton",""
"276","0","0","","Benjamin Buckland","0",""," ",""
"277","0","0","","William Gatley","2","0x0100025b","","right: International Project"
"278","0","0","","William Nguyen","2","0x0100031e","","right: Coordinator"
"279","0","0","","Allen Rusakovsky","0","","Jonathan Silverman",""
"280","0","0","","Adam Ellington","0",""," ",""
"281","0","0","","Chris Seckler","2","0x0100025c","","right: Functional Language"
"282","0","0","","Eric Hatton","2","0x0100031f","","right: Testing Manager"
"283","0","0","","Sergio Arizpe","0","","Joel Knutson",""
"284","0","0","","Jim Larimore","0",""," ",""
"285","0","0","","Steve Jenkins","2","0x0100024f","","right: Functional Language"
"286","0","0","","Hunter Barnett","2","0x01000320","","right: Testing Project Lead"
"287","0","0","","Randy Pace","0","","Gabriel Darone",""
"288","0","0","","Frank Morales","0",""," ",""
"289","0","0","","Kevin Lee","2","0x01000250","","right: Functional Language"
"290","0","0","","Chad Nolden","2","0x01000321","","right: Testers"
"291","0","0","","Justin Ruiz","0","","Erick Arnold",""
"292","0","0","","Mike Bratcher","0","","Ben Flax",""
"293","0","0","","Sam Mansour","0","","Christopher Heil",""
"294","0","0","","Thad Oba","0","","Rory Loeb",""
"295","0","0","","Rommel TabTab","0","","Justin Pace",""
"296","0","0","","Trent Best","0","","Jose Paredes",""
"297","0","0","","Ken Riley","0","","Paul Reilly",""
"298","0","0","","Nick Olson","0","","Jason Robak",""
"299","0","0","","Jerimiah Holland","0","","Walter Roth",""
"300","0","0","","Rashad Redic","0","","David Song",""
"301","0","0","","Chris Ward","0","","Cameron Travelli",""
"302","0","0","","Donnie Taylor","0","","Marcelo Vásquez",""
"303","0","0","","Dave Cohen","0","","Brian Yip",""
"304","0","0","","Wes Webb","0","","Andres Yulo",""
"305","0","0","","Lee Hahn","0",""," ",""
"306","0","0","","Adam Katsarelis","2","0x0100025d","","right: Language Testers"
"307","0","0","","Andy Grossberg","0","","Nicklas Mether ",""
"308","0","0","","Brett DeCelle","0","","Steven Saunders",""
"309","0","0","","Daniel Furr","0","","Markus Lubik",""
"310","0","0","","Jonathan Beyer","0","","Javier Martinez",""
"311","0","0","","Josh Hereshoff","0","","Matteo Milandri",""
"312","0","0","","Andre Jong","0","","Samy Ben romdhane",""
"313","0","0","","Dave Constantino","0","","Andreas Dietz",""
"314","0","0","","Jerome Fernandez","0","","Jelle de Vaal",""
"315","0","0","","Chris Smith","0","","Eduardo Lage",""
"316","0","0","","Matt Coughlan","0","","Jorge Ysart",""
"317","0","0","","Ryan Edwards","0",""," ",""
"318","0","0","","Chris Beaver","2","0x01000313","","right: French"
"319","0","0","","Richard Hartzell","0","","Christine Jean",""
"320","0","0","","Dan Dwonch","0","","Nathalie Duret",""
"321","0","0","","Nelson Rodriguez","0","","Maëlenn Lumineau",""
"322","0","0",""," ","0","","Franck Badin",""
"323","0","1","0x01000254","","0","","Frédéric Aubrun","left: Tiburon QA Team"
"324","0","0",""," ","0","","David Gély",""
"325","0","2","0x01000255","","0","","Christine Delholme","left: Snr. QA Lead"
"326","0","0","","Alex Plachowski","0","","Sam Yazmadjian ",""
"327","0","0",""," ","0","","David Lapp",""
"328","0","2","0x01000256","","0","","Sylvain Caburrosso","left: QA Lead"
"329","0","0","","Matt Vann","0",""," ",""
"330","0","0",""," ","2","0x01000314","","right: German"
"331","0","2","0x01000257","","0","","Michaela Bartelt","left: QA Testers"
"332","0","0","","Bruce Dixon","0","","Nadine Monschau",""
"333","0","0","","Nick Dolce","0","","Bettina Bachon",""
"334","0","0","","Kevin Bailey","0","","Effective Media",""
"335","0","0","","Sean Bailey","0","","Nadine Monschau",""
"336","0","0","","Ariel Gonzalez","0","","Dirk Vojtilo",""
"337","0","0","","Shelton Allemand","0",""," ",""
"338","0","0","","Mark Siefert","2","0x01000315","","right: Spanish"
"339","0","0",""," ","0","","Luis Pinés",""
"340","0","2","0x0100025e","","0","","Antonio Yago","left: Director of Marketing"
"341","0","2","0x01000322","","0","","Elixabete Aldama","left: EA Games"
"342","0","0","","Jillian Goldberg","0","","Enrique Sánchez-Real",""
"343","0","0",""," ","0","","Sergio Vargas",""
"344","0","2","0x0100025f","","0",""," ","left: Marketing"
"345","0","0","","Don Mesa","2","0x01000316","","right: Italian"
"346","0","0","","Lincoln Hershberger","0","","Micaela Belluzzo",""
"347","0","0",""," ","0","","Alessandro Tajana",""
"348","0","2","0x01000260","","0","","Matteo Milandri","left: Director of PR, EA Games"
"349","0","0","","Jeane Wong","0","","Andrea Santambrogio",""
"350","0","0",""," ","0","","Claudio Scolastici",""
"351","0","2","0x01000261","","0",""," ","left: Senior Publicist"
"352","0","0","","Jerris Mungai","2","0x01000317","","right: Swedish"
"353","0","0",""," ","0","","Rebecca Persson",""
"354","0","2","0x01000262","","0","","Mia Opancar","left: Documentation"
"355","0","0","","Rich Ridlen","0","","Mattias Göthe",""
"356","0","0",""," ","0",""," ",""
"357","0","2","0x01000263","","2","0x01000318","","left: Documentation Editor | right: Dutch"
"358","0","0","","Sharon Maher","0","","U-TRAX Multi Media",""
"359","0","0",""," ","0",""," Localisations BV",""
"360","1","0",""," ","0",""," ",""
"361","1","2","0x01000264","","0","","","left: Story and Dialogue Written By"
"362","1","0","","Danny Bilson","0","","",""
"363","1","0","","Paul DeMeo","0","","",""
"364","1","0",""," ","0","","",""
"365","1","2","0x01000265","","0","","","left: Voice and Cut Scene Direction"
"366","1","0","","Danny Bilson","0","","",""
"367","1","0",""," ","0",""," ",""
"368","1","2","0x01000266","","0","","","left: Voice Talent Recording Coordinator"
"369","1","0","","Lisa Beard","0","","",""
"370","1","0",""," ","0",""," ",""
"371","1","2","0x01000267","","0","","","left: Voice Talent Casting"
"372","1","0","","April Webster","0","","",""
"373","1","0",""," ","0",""," ",""
"374","1","2","0x01000268","","0","","","left: Voice Re-recording Mixer"
"375","1","0","","Carlos Agosti, C.A.S.","0","","",""
"376","1","0",""," ","0",""," ",""
"377","1","2","0x01000269","","0","","","left: Voice Talent"
"378","1","0","","Maxwell Caufield","0","","",""
"379","1","0","","Samantha Eggar","0","","",""
"380","1","0","","Kimberly Davies","0","","",""
"381","1","0","","Michael Ensign","0","","",""
"382","1","0","","Ian Abercrombie","0","","",""
"383","1","0","","Tamlyn Tomita","0","","",""
"384","1","0","","Lena Reno","0","","",""
"385","1","0","","Jeanne Mori","0","","",""
"386","1","0","","Gustavo Rex","0","","",""
"387","1","0","","Richard Whiten","0","","",""
"388","1","0","","Kai Wulff","0","","",""
"389","1","0","","Yoshio Be","0","","",""
"390","1","0","","Jean Gilpin","0","","",""
"391","1","0","","Vanessa Marshall","0","","",""
"392","1","0","","Gregg Berger","0","","",""
"393","1","0","","Grant Albrecht","0","","",""
"394","1","0","","Hiroshi Taguro","0","","",""
"395","1","0",""," ","0",""," ",""
"396","1","2","0x0100026a","","0","","","left: Manager, Motion Capture Studio"
"397","1","0","","David Pierce","0","","",""
"398","1","0",""," ","0",""," ",""
"399","1","2","0x0100026b","","0","","","left: Motion Capture Production Co-ordinator"
"400","1","0","","Renee Poirier","0","","",""
"401","1","0",""," ","0",""," ",""
"402","1","2","0x0100026c","","0","","","left: Technical Art Director, Motion Capture"
"403","1","0","","Stefan Van Niekerk","0","","",""
"404","1","0",""," ","0",""," ",""
"405","1","2","0x0100026d","","0","","","left: Snr. Motion Capture Specialist"
"406","1","0","","Dan Michelson","0","","",""
"407","1","0",""," ","0",""," ",""
"408","1","2","0x0100026e","","0","","","left: Software Engineer"
"409","1","0","","Craig Young","0","","",""
"410","1","0",""," ","0",""," ",""
"411","1","2","0x0100026f","","0","","","left: Lead Studio Operator"
"412","1","0","","Sandro Licastro","0","","",""
"413","1","0",""," ","0",""," ",""
"414","1","2","0x01000270","","0","","","left: Studio Operators"
"415","1","0","","Robert Parent","0","","",""
"416","1","0","","Joel Krich","0","","",""
"417","1","0",""," ","0",""," ",""
"418","1","2","0x01000271","","0","","","left: Lead Tracker"
"419","1","0","","Jason Camp","0","","",""
"420","1","0",""," ","0",""," ",""
"421","1","2","0x01000272","","0","","","left: Trackers"
"422","1","0","","Ben Guthrie","0","","",""
"423","1","0","","Dave Hobbins","0","","",""
"424","1","0","","Joel Pennington","0","","",""
"425","1","0","","Eric Perrier","0","","",""
"426","1","0","","Dan Vargas","0","","",""
"427","1","0",""," ","0",""," ",""
"428","1","2","0x01000273","","0","","","left: Shoot Supervisor/Solver"
"429","1","0","","Ken Tsia","0","","",""
"430","1","0",""," ","0",""," ",""
"431","1","2","0x01000274","","0","","","left: Solvers"
"432","1","0","","Jeff Martens","0","","",""
"433","1","0","","John Mayhew","0","","",""
"434","1","0","","Vince Ng","0","","",""
"435","1","0",""," ","0",""," ",""
"436","1","2","0x01000275","","0","","","left: Motion Capture Talent"
"437","1","0","","Donovan Stinson","0","","",""
"438","1","0","","Jennifer Lines","0","","",""
"439","1","0","","Akiva Maas","0","","",""
"440","1","0","","Jeffrey Fisher","0","","",""
"441","1","0","","Sarah Edmondson","0","","",""
"442","1","0","","Erin Karpluk","0","","",""
"443","1","0","","Trever Havixbeck","0","","",""
"444","1","0","","Darryl Scheelar","0","","",""
"445","1","0",""," ","0",""," ",""
"446","1","2","0x01000276","","0","","","left: Voiceover Audio Provided By"
"447","1","0","","Burke Trieschman, Open Door Productions","0","","",""
"448","1","0",""," ","0",""," ",""
"449","1","2","0x01000277","","0","","","left: Sound Engineering Provided By"
"450","1","0","","SPG Studios","0","","",""
"451","1","0",""," ","0",""," ",""
"452","1","2","0x01000278","","0","","","left: Additional Sound design & Dialog mastering"
"453","1","0","","Scott Gershin & Soundelux DMG","0","","",""
"454","1","0",""," ","0",""," ",""
"455","1","2","0x01000279","","0","","","left: Front End Design and Video"
"456","1","0","","1K Studios","0","","",""
"457","1","0",""," ","0",""," ",""
"458","1","2","0x0100027a","","0","","","left: Driving Cinematics Provided By"
"459","1","0","","Dan Krech Productions","0","","",""
"460","1","0",""," ","0",""," ",""
"461","1","2","0x0100027b","","0","","","left: Additional Cinematics Provided By"
"462","1","0","","Mondo Media","0","","",""
"463","1","0",""," ","0",""," ",""
"464","1","1","","MGM Interactive Inc.","0","","",""
"465","1","2","0x01000281","","0","","","left: President & COO - Home Entertainment Group"
"466","1","0","","David Bishop","0","","",""
"467","1","0",""," ","0",""," ",""
"468","1","2","0x0100027c","","0","","","left: Senior VP Consumer Products & Interactive"
"469","1","0","","Travis Rutherford","0","","",""
"470","1","0",""," ","0",""," ",""
"471","1","2","0x0100027d","","0","","","left: VP Production & Business Development"
"472","1","0","","Neil Haldar","0","","",""
"473","1","0",""," ","0",""," ",""
"474","1","2","0x0100027e","","0","","","left: Senior Financial Analyst"
"475","1","0","","Jack Cheng","0","","",""
"476","1","0",""," ","0",""," ",""
"477","1","2","0x0100027f","","0","","","left: Coordinator"
"478","1","0","","Hugo Martinez","0","","",""
"479","1","0",""," ","0",""," ",""
"480","1","1","0x01000287","","0","","","left: MGM Business Affairs"
"481","1","2","0x01000288","","0","","","left: Senior Vice President"
"482","1","0","","Ron Sufrin","0","","",""
"483","1","0",""," ","0",""," ",""
"484","1","2","0x01000289","","0","","","left: VP, Business Affairs & Legal"
"485","1","0","","MJ Miller","0","","",""
"486","1","0",""," ","0",""," ",""
"487","1","2","0x0100028a","","0","","","left: Legal Counsel Copyrights & Trademarks"
"488","1","0","","Michael Moore","0","","",""
"489","1","0",""," ","0",""," ",""
"490","1","2","0x0100028b","","0","","","left: Contract Administration"
"491","1","0","","Don Hulson","0","","",""
"492","1","0",""," ","0",""," ",""
"493","1","2","0x01000283","","0","","","left: Assistant"
"494","1","0","","Adam Scoll","0","","",""
"495","1","0",""," ","0",""," ",""
"496","1","1","0x0100028c","","0","","","left: DANJAQ, LLC"
"497","1","2","0x01000226","","0","","","left: Executive Producer"
"498","1","0","","Simon Mathew","0","","",""
"499","1","0",""," ","0",""," ",""
"500","1","2","0x000002b4","","0","","","left: Special Thanks"
"501","1","0","","David Pope and Keith Snelgrove","0","","",""
"502","1","0",""," ","0",""," ",""
"503","1","1","0x0100028d","","0","","","left: Aston Martin Lagonda Limited"
"504","1","0","","Nikki Deen","0","","",""
"505","1","0","","John Muirhead","0","","",""
"506","1","0","","Graham Lenden","0","","",""
"507","1","0",""," ","0",""," ",""
"508","1","1","0x0100028e","","0","","","left: The Beanstalk Group"
"509","1","0","","Liz Ramaswamy","0","","",""
"510","1","0","","Michael Jerchower","0","","",""
"511","1","0",""," ","0",""," ",""
"512","1","1","0x0100028f","","0","","","left: Carroll Shelby Licensing Inc."
"513","1","0","","M. Neil Cummings","0","","",""
"514","1","0","","Jeremy Kenner","0","","",""
"515","1","0",""," ","0",""," ",""
"516","1","1","0x000002b4","","0","","","left: Special Thanks"
"517","1","0","","Bruce McMillan, John Batter, Nick Earl, ","0","","",""
"518","1","0","","John Riccitiello, Chip Lange, Frank Gibeau,","0","","",""
"519","1","0","","Larry Castro, Don Mattrick, Jeff Karp,","0","","",""
"520","1","0","","Steve Schnur, Mark Lange, Sam Hofer,","0","","",""
"521","1","0","","Tom Raycove, Peter Miller, Eric Leblanc,","0","","",""
"522","1","0","","Jessica Cecena, Jerry Newton, Eric Kornblum,","0","","",""
"523","1","0","","Aimee McCrary, Michael Yasko, Mike Deir,","0","","",""
"524","1","0","","Chris Espiritu, Kima Hayuk, Roger Metcalf,","0","","",""
"525","1","0","","Rich Rogers, Erik Kraber, Michael Marsh,","0","","",""
"526","1","0","","Cedric Bermond, Leonid Larionov,","0","","",""
"527","1","0","","Alex Fennell, Craig Brown, Linda Matteson,","0","","",""
"528","1","0","","Kathleen Tarnutzer, Phil Simon, Drew Huffman,","0","","",""
"529","1","0","","Sean Murphy, Suzanne McNamee, Dan Hay,","0","","",""
"530","1","0","","Tim Keon, Milly Ng, Robert Atkins, Levelord,","0","","",""
"531","1","0","","Tom Mustaine, Steve Nix, Ritual Entertainment,","0","","",""
"532","1","0","","Donny Miele, Joe Kucan, Curt Weintraub,","0","","",""
"533","1","0","","Marilee Lear, Tiffany Baker, Rodney Munnings,","0","","",""
"534","1","0","","Tracy Bohl, Lisa Hatch, Nicholas Savalas,","0","","",""
"535","1","0","","Miché Bond, Tammi Cave, Eva LeTourneau,","0","","",""
"536","1","0","","Elena Nekrassova, Carla Marrero, Erika Reuter,","0","","",""
"537","1","0","","Lara Reynolds, Jennifer Young, Iain McCaig,","0","","",""
"538","1","0","","Craig Mullens, Alan Sonneman, Philip Campbell,","0","","",""
"539","1","0","","Bob Kurtez, Kurt Rauf, Gary Sauer,","0","","",""
"540","1","0","","Karen Stephens, Nathalie Fernandez,","0","","",""
"541","1","0","","Sandra Picaper, David Lapp, Roger Freddi,","0","","",""
"542","1","0","","Andy Agostini, Dejan Stanisavlijevic,","0","","",""
"543","1","0","","Alan Harrison, Gio Sasso, Stephen Rowe,","0","","",""
"544","1","0","","MCL Motor Cars, Dr. Brad Remington and family,","0","","",""
"545","1","0","","Finish Line Motorsports, Inc., Phillip Lim,","0","","",""
"546","1","0","","Amanda Armer-Petrie, Harvey Resnick,","0","","",""
"547","1","0","","Manu's Bronco, Rick Stringfellow, Phil Tiqui,","0","","",""
"548","1","0","","Sean Letts, Tim Wilson, Matt Wynne,","0","","",""
"549","1","0","","Justin Prazen, Roz, Larry Shapiro.","0","","",""
"550","1","0",""," ","0",""," ",""
"551","1","1","0x01000290","","0","","","left: Eurocom Special Thanks"
"552","1","0","","Hugh Binns, Mat Sneap, Dick Alton,","0","","",""
"553","1","0","","Kev Holt, Andrew Govan, Tony Peach,","0","","",""
"554","1","0","","Lloyd Baker.","0","","",""
"555","1","0",""," ","0",""," ",""
"556","1","0",""," ","0",""," ",""
"557","1","0",""," ","0",""," ",""
"558","1","0",""," ","0",""," ",""
"559","1","0",""," ","0",""," ",""
"560","1","0",""," ","0",""," ",""
"561","1","0",""," ","0",""," ",""
"562","1","0",""," ","0",""," ",""
"563","1","0",""," ","0",""," ",""
"564","1","0",""," ","0",""," ",""
"565","1","0","0x010002a1","","0","","","left: James Bond will return..."
"566","1","0",""," ","0",""," ",""
"567","1","0",""," ","0",""," ",""
"568","1","0",""," ","0",""," ",""
"569","1","0",""," ","0",""," ",""
"570","1","0",""," ","0",""," ",""
"571","1","0",""," ","0",""," ",""
"572","1","0",""," ","0",""," ",""
"573","1","0",""," ","0",""," ",""
"574","1","0",""," ","0",""," ",""
"575","1","0",""," ","0",""," ",""
"576","1","0",""," ","0",""," ",""
"577","1","0",""," ","0",""," ",""
